;cad;USINE;DESIGNATION;CAI;CODE_DE_REGROUPEMENT;MATERIAL_PVT;MARCHE;SAISON;GAMME;SEAT;CYCLE_RPLUS;date_passagejaune;date_planif;date_planif2;date_prevue_fabrication;date_prevue_fabrication2;date_validation;OK;MO;QA;CM;CE;SA;MR;TR;debut_Preparation;fin_Preparation;debut_Confection;fin_Confection;debut_Finition;fin_Finition;debut_Cuisson;fin_Cuisson;debut_Reparatation;fin_Reparatation;debut_Verification;fin_Verification;debut_Palettisation;fin_Palettisation;date_liberation;OPERATION_DESC;date_liberation_hebdo;temps_planif;temps_validation;temps_fabrication;temps_palettisation;temps_liberation;DLT;DLT_group;commentaire
0;102122101;BKR;205/45R17 88H XL TL PRIMACY 4 S2 MI;102122.0;PY4_S17CA;M6_R6;RT;ETE;PRIMACY 4;17.0;P;2023-09-05 00:00:00;2023-09-04 02:00:00;2023-09-05 00:00:00;2023-09-04 02:00:00;2023-09-05 00:00:00;2023-09-08 00:00:00;;;;;;;;;2023-09-05 03:01:35;2023-09-05 03:29:53;2023-09-04 21:54:35;2023-09-04 21:57:18;2023-09-05 08:08:06;2023-09-05 08:08:55;2023-09-06 01:51:54;2023-09-06 02:03:54;;;;;2023-09-06 08:47:12;2023-09-06 08:54:18;2023-09-11 00:00:00;[];2023-09-15;0;3;1;0;5;6;5-10;
1;102122101;BKR;205/45R17 88H XL TL PRIMACY 4 S2 MI;102122.0;PY4_S17CA;M6_R6;RT;ETE;PRIMACY 4;17.0;P;2023-09-18 00:00:00;2023-09-18 02:00:00;2023-09-18 02:00:00;2023-09-18 02:00:00;2023-09-18 02:00:00;2023-09-22 00:00:00;2023-10-05 00:00:00;;;;;;;;2023-09-15 07:36:08;2023-09-15 08:24:25;2023-09-17 22:31:03;2023-09-17 22:33:46;2023-09-18 22:01:15;2023-09-18 22:02:00;2023-09-21 09:13:29;2023-09-21 09:25:29;;;2023-09-23 08:49:28;2023-09-23 12:01:39;2023-09-23 13:01:08;2023-09-23 13:08:13;2023-09-29 00:00:00;[[TO VERIFY LOW SPEED UNIFORMITY-Default, TO VERIFY TIRE ASPECT-Default], [TO VERIFY LOW SPEED UNIFORMITY-Default, TO VERIFY TIRE ASPECT-Default], [TO VERIFY LOW SPEED UNIFORMITY-Default, TO VERIFY TIRE ASPECT-Default], [TO VERIFY LOW SPEED UNIFORMITY-Default, TO VERIFY TIRE ASPECT-Default]];2023-09-29;0;4;6;2;6;11;10-15;OK
2;102122108;BKR;205/45R17 88H XL TL PRIMACY 4 S2 MI;102122.0;PY4_S17CA;M5_W1;OE;ETE;PRIMACY 4;17.0;P;2023-08-30 00:00:00;2023-08-28 02:00:00;2023-08-30 00:00:00;2023-08-28 02:00:00;2023-08-30 00:00:00;2023-09-01 00:00:00;;;;;;;;;2023-09-05 02:13:57;2023-09-05 03:35:40;2023-09-05 01:33:47;2023-09-05 01:36:15;2023-09-05 10:02:51;2023-09-05 10:03:42;2023-09-06 01:23:10;2023-09-06 01:34:01;;;;;2023-09-06 06:55:32;2023-09-06 07:02:31;2023-09-07 00:00:00;[];2023-09-08;0;2;1;0;1;8;5-10;
3;111723117;BKR;205/55 R16 91H TL ENERGY SAVER+ GRNX MI;111723.0;E416B++;M2_U6;OE;ETE;ENERGY SAVER+;16.0;C;2023-09-20 00:00:00;2023-09-18 02:00:00;2023-09-20 00:00:00;2023-09-23 02:00:00;2023-09-23 02:00:00;2023-09-22 00:00:00;;;;;;;;;2023-09-22 19:20:48;2023-09-22 21:59:10;2023-09-23 04:28:39;2023-09-23 04:28:53;2023-09-23 05:21:03;2023-09-23 05:22:32;2023-09-23 22:33:53;2023-09-23 22:43:44;;;2023-09-23 23:33:11;2023-09-24 01:53:21;2023-09-24 02:49:51;2023-09-24 02:57:35;2023-09-26 00:00:00;[[TO VERIFY LOW SPEED UNIFORMITY-Default, TO VERIFY TIRE ASPECT-Default], [TO VERIFY LOW SPEED UNIFORMITY-Default, TO VERIFY TIRE ASPECT-Default], [TO VERIFY LOW SPEED UNIFORMITY-Default, TO VERIFY TIRE ASPECT-Default], [TO VERIFY LOW SPEED UNIFORMITY-Default, TO VERIFY TIRE ASPECT-Default]];2023-09-29;0;2;1;1;2;6;5-10;
4;146216101;BKR;185/65 R15 88T TL PRIMACY 4 MI;146216.0;146216_101;M2_U6;RT;ETE;PRIMACY 4;15.0;C;2023-08-29 00:00:00;2023-08-28 02:00:00;2023-08-29 00:00:00;2023-08-28 02:00:00;2023-08-29 00:00:00;2023-09-01 00:00:00;;;;;;;;;2023-09-21 02:54:34;2023-09-21 03:33:22;2023-09-21 18:35:48;2023-09-21 18:35:57;2023-09-22 04:14:22;2023-09-22 04:15:15;2023-09-22 20:18:06;2023-09-22 20:27:57;;;2023-09-22 21:26:57;2023-09-22 21:26:57;2023-09-22 22:10:40;2023-09-22 22:18:29;2023-09-25 00:00:00;[[TO VERIFY TIRE ASPECT-Default], [TO VERIFY TIRE ASPECT-Default], [TO VERIFY TIRE ASPECT-Default], [TO VERIFY TIRE ASPECT-Default]];2023-09-29;0;3;1;0;3;27;25-30;
5;146216101;BKR;185/65 R15 88T TL PRIMACY 4 MI;146216.0;146216_101;M2_U6;RT;ETE;PRIMACY 4;15.0;C;2023-09-25 00:00:00;2023-09-25 02:00:00;2023-09-25 02:00:00;2023-09-25 02:00:00;2023-09-25 02:00:00;2023-09-29 00:00:00;;;;;;2023-10-05 00:00:00;;;2023-09-23 20:20:44;2023-09-23 20:52:07;2023-09-25 00:16:36;2023-09-25 00:17:04;2023-09-25 02:22:39;2023-09-25 02:23:42;2023-09-25 06:25:44;2023-09-25 06:35:35;;;2023-09-25 07:35:43;2023-09-25 07:35:43;2023-09-25 08:05:14;2023-09-25 08:13:11;2023-09-26 00:00:00;[[TO VERIFY TIRE ASPECT-Default], [TO VERIFY TIRE ASPECT-Default], [TO VERIFY TIRE ASPECT-Default], [TO VERIFY TIRE ASPECT-Default]];2023-09-29;0;4;2;0;1;1;0-5;SA
6;154270101;BKR;235/40 R18 91W TL PRIMACY 4+ MI;154270.0;H4M 0065;M1_R2;RT;ETE;PRIMACY 4+;18.0;C;2023-09-12 00:00:00;2023-09-11 02:00:00;2023-09-12 00:00:00;2023-09-11 02:00:00;2023-09-12 00:00:00;2023-09-15 00:00:00;2023-09-13 00:00:00;;;;;;;;2023-09-09 17:00:47;2023-09-09 17:10:38;2023-09-11 17:56:26;2023-09-11 17:59:02;2023-09-11 19:12:28;2023-09-11 19:14:17;2023-09-12 00:28:40;2023-09-12 00:39:10;;;2023-09-12 01:19:28;2023-09-12 01:29:25;2023-09-12 06:09:52;2023-09-12 06:16:04;2023-09-14 00:00:00;[[TO VERIFY TIRE ASPECT-Default, TO VERIFY LOW SPEED UNIFORMITY-Default]];2023-09-15;0;3;3;0;2;2;0-5;OK
7;154270106;BKR;235/40 R18 91W TL PRIMACY 4+ MI;154270.0;H4M 0065;M1_R2;RT;ETE;PRIMACY 4+;18.0;C;2023-08-29 00:00:00;2023-08-28 02:00:00;2023-08-29 00:00:00;2023-09-07 02:00:00;2023-09-07 02:00:00;2023-09-01 00:00:00;;;;;;;;;2023-09-12 20:03:11;2023-09-12 23:10:09;2023-09-13 21:13:51;2023-09-13 21:16:27;2023-09-14 04:29:01;2023-09-14 04:30:02;2023-09-14 17:54:56;2023-09-14 18:05:26;;;2023-09-14 18:35:51;2023-09-14 18:35:51;2023-09-14 20:48:53;2023-09-14 20:54:12;2023-10-09 00:00:00;[[TO VERIFY TIRE ASPECT-Default], [TO VERIFY TIRE ASPECT-Default], [TO VERIFY TIRE ASPECT-Default], [TO VERIFY TIRE ASPECT-Default]];2023-10-13;0;3;2;0;25;41;40-45;
8;174897108;BKR;215/40 R18 85Y TL PILOT SPORT 4 MI;174897.0;PSP418I;M1_R3;OE;ETE;PILOT SPORT 4;18.0;P;2023-09-20 00:00:00;2023-09-18 02:00:00;2023-09-20 00:00:00;2023-09-18 02:00:00;2023-09-20 00:00:00;2023-09-22 00:00:00;2023-10-05 00:00:00;;;;;;;;2023-09-17 08:51:26;2023-09-19 03:40:49;2023-09-19 13:14:30;2023-09-19 13:16:58;2023-09-19 15:31:12;2023-09-19 15:32:10;2023-09-20 02:45:16;2023-09-20 02:56:37;;;2023-09-20 03:48:46;2023-09-20 05:22:20;2023-09-20 05:37:17;2023-09-20 05:44:40;2023-09-21 00:00:00;[[TO VERIFY TIRE ASPECT-Default, TO VERIFY LOW SPEED UNIFORMITY-Default], [TO VERIFY TIRE ASPECT-Default, TO VERIFY LOW SPEED UNIFORMITY-Default], [TO VERIFY TIRE ASPECT-Default, TO VERIFY LOW SPEED UNIFORMITY-Default], [TO VERIFY TIRE ASPECT-Default, TO VERIFY LOW SPEED UNIFORMITY-Default]];2023-09-22;0;2;3;0;1;1;0-5;OK
9;213026101;BKR;225/50 R17 98V XL TL ALPIN 6 MI;213026.0;AL617E;M3_V1;RT;HIV;ALPIN 6;17.0;C;2023-09-18 00:00:00;2023-09-18 02:00:00;2023-09-18 02:00:00;2023-09-18 02:00:00;2023-09-18 02:00:00;2023-09-22 00:00:00;;;;;;;;;2023-09-15 16:09:44;2023-09-16 15:03:04;2023-09-17 11:33:06;2023-09-17 11:35:34;2023-09-17 15:11:00;2023-09-17 15:12:21;2023-09-18 00:22:58;2023-09-18 00:32:49;;;2023-09-18 01:24:22;2023-09-18 01:24:22;2023-09-18 03:56:23;2023-09-18 04:02:17;2023-09-18 00:00:00;[[TO VERIFY TIRE ASPECT-Default], [TO VERIFY TIRE ASPECT-Default], [TO VERIFY TIRE ASPECT-Default], [TO VERIFY TIRE ASPECT-Default]];2023-09-22;0;4;3;0;0;0;0-5;
10;215873102;BKR;195/60R18 96H XL TL E PRIMACY S1 MI;215873.0;CIT0509;M1_R3;RT;ETE;E PRIMACY;18.0;P;2023-08-28 00:00:00;2023-08-28 02:00:00;2023-08-28 02:00:00;2023-08-28 02:00:00;2023-08-28 02:00:00;2023-09-01 00:00:00;;;;;;;;;2023-09-07 16:48:26;2023-09-08 22:21:28;2023-09-09 14:40:36;2023-09-09 14:43:04;2023-09-09 18:37:58;2023-09-09 18:38:42;2023-09-09 22:03:28;2023-09-09 22:13:49;;;2023-09-09 23:17:32;2023-09-09 23:32:29;2023-09-11 06:51:38;2023-09-11 06:58:23;2023-09-13 00:00:00;[[TO VERIFY LOW SPEED UNIFORMITY-Default, TO VERIFY TIRE ASPECT-Default]];2023-09-15;0;4;2;2;2;16;15-20;
11;215873102;BKR;195/60R18 96H XL TL E PRIMACY S1 MI;215873.0;CIT0509;M1_R3;RT;ETE;E PRIMACY;18.0;P;2023-09-14 00:00:00;2023-09-11 02:00:00;2023-09-14 00:00:00;2023-09-11 02:00:00;2023-09-14 00:00:00;2023-09-15 00:00:00;2023-10-05 00:00:00;;;;;;;;2023-09-09 16:10:07;2023-09-13 21:27:40;2023-09-14 02:55:51;2023-09-14 02:58:19;2023-09-14 12:15:12;2023-09-14 12:16:00;2023-09-14 22:14:27;2023-09-14 22:24:48;;;2023-09-14 23:25:49;2023-09-14 23:43:21;2023-09-15 13:07:30;2023-09-15 13:13:33;2023-09-20 00:00:00;[[TO VERIFY LOW SPEED UNIFORMITY-Default, TO VERIFY TIRE ASPECT-Default], [TO VERIFY LOW SPEED UNIFORMITY-Default, TO VERIFY TIRE ASPECT-Default], [TO VERIFY LOW SPEED UNIFORMITY-Default, TO VERIFY TIRE ASPECT-Default], [TO VERIFY LOW SPEED UNIFORMITY-Default, TO VERIFY TIRE ASPECT-Default]];2023-09-22;0;1;5;1;5;6;5-10;OK
12;217502102;BKR;215/45 ZR17 (91Y) XL TL PILOT SPORT 5 MI;217502.0;P7M0151;M3_V1;RT;ETE;PILOT SPORT 5;17.0;C;2023-08-31 00:00:00;2023-08-28 02:00:00;2023-08-31 00:00:00;2023-08-31 02:00:00;2023-08-31 02:00:00;2023-09-01 00:00:00;;;;;;2023-09-20 00:00:00;;2023-09-13 00:00:00;2023-09-01 12:50:31;2023-09-05 13:20:58;2023-09-06 00:25:31;2023-09-06 00:27:59;2023-09-07 08:55:10;2023-09-07 08:59:30;2023-09-07 21:37:04;2023-09-07 21:48:55;;;2023-09-07 22:48:09;2023-09-08 02:12:56;2023-09-08 02:46:26;2023-09-08 02:52:52;2023-09-13 00:00:00;[[TO VERIFY TIRE ASPECT-Default, TO VERIFY LOW SPEED UNIFORMITY-Default], [TO VERIFY TIRE ASPECT-Default, TO VERIFY LOW SPEED UNIFORMITY-Default], [TO VERIFY TIRE ASPECT-Default, TO VERIFY LOW SPEED UNIFORMITY-Default], [TO VERIFY TIRE ASPECT-Default, TO VERIFY LOW SPEED UNIFORMITY-Default]];2023-09-15;0;1;6;1;5;13;10-15;SA,TR
13;217502102;BKR;215/45 ZR17 (91Y) XL TL PILOT SPORT 5 MI;217502.0;P7M0151;M3_V1;RT;ETE;PILOT SPORT 5;17.0;C;2023-09-11 00:00:00;2023-09-11 02:00:00;2023-09-11 02:00:00;2023-09-11 02:00:00;2023-09-11 02:00:00;2023-09-15 00:00:00;;;;;;2023-09-20 00:00:00;;2023-09-13 00:00:00;2023-09-08 23:17:59;2023-09-09 15:35:53;2023-09-10 12:30:12;2023-09-10 12:32:40;2023-09-11 16:52:57;2023-09-11 16:57:53;2023-09-11 22:45:34;2023-09-11 22:57:25;;;2023-09-11 23:57:42;2023-09-12 01:53:50;2023-09-12 02:37:03;2023-09-12 02:44:19;2023-09-13 00:00:00;[[TO VERIFY LOW SPEED UNIFORMITY-Default, TO VERIFY TIRE ASPECT-Default]];2023-09-15;0;4;3;1;1;2;0-5;SA,TR
14;232552110;BKR;235/40 ZR18 95Y EXTRA LOAD TL PILOT SPORT 4 DT1 MI;232552.0;PSP418CA;M5_W2;RT;ETE;PILOT SPORT 4;18.0;C;2023-08-30 00:00:00;2023-08-28 02:00:00;2023-08-30 00:00:00;2023-09-07 02:00:00;2023-09-07 02:00:00;2023-09-01 00:00:00;2023-09-20 00:00:00;;;;;;;;2023-09-01 09:12:22;2023-09-06 19:52:38;2023-09-07 10:55:29;2023-09-07 10:57:57;2023-09-07 12:00:35;2023-09-07 12:01:43;2023-09-08 09:49:25;2023-09-08 10:00:46;;;2023-09-08 11:02:42;2023-09-08 12:03:55;2023-09-10 01:39:23;2023-09-10 01:48:10;2023-09-13 00:00:00;[[TO VERIFY LOW SPEED UNIFORMITY-Default, TO VERIFY TIRE ASPECT-Default], [TO VERIFY TIRE ASPECT-Default, TO VERIFY LOW SPEED UNIFORMITY-Default], [TO VERIFY LOW SPEED UNIFORMITY-Default, TO VERIFY TIRE ASPECT-Default], [TO VERIFY TIRE ASPECT-Default, TO VERIFY LOW SPEED UNIFORMITY-Default]];2023-09-15;0;2;7;2;3;14;10-15;OK
15;232552110;BKR;235/40 ZR18 95Y EXTRA LOAD TL PILOT SPORT 4 DT1 MI;232552.0;PSP418CA;M5_W2;RT;ETE;PILOT SPORT 4;18.0;C;2023-09-18 00:00:00;2023-09-25 02:00:00;2023-09-25 02:00:00;2023-10-11 02:00:00;2023-10-11 02:00:00;2023-09-29 00:00:00;2023-09-20 00:00:00;;;;;;;;2023-09-14 11:38:43;2023-09-16 23:44:28;2023-09-17 14:09:49;2023-09-17 14:12:17;2023-09-17 15:25:58;2023-09-17 15:27:03;2023-09-18 00:02:36;2023-09-18 00:13:57;;;2023-09-18 01:15:10;2023-09-18 02:00:21;2023-09-19 09:21:47;2023-09-19 09:23:32;2023-09-26 00:00:00;[[TO VERIFY LOW SPEED UNIFORMITY-Default, TO VERIFY TIRE ASPECT-Default], [TO VERIFY LOW SPEED UNIFORMITY-Default, TO VERIFY TIRE ASPECT-Default], [TO VERIFY LOW SPEED UNIFORMITY-Default, TO VERIFY TIRE ASPECT-Default], [TO VERIFY LOW SPEED UNIFORMITY-Default, TO VERIFY TIRE ASPECT-Default]];2023-09-29;7;4;4;1;7;8;5-10;OK
16;254413101;BKR;185/65 R15 92T XL TL CROSSCLIMATE+ MI;254413.0;CROS+15B;M2_U6;RT;ALS;CROSSCLIMATE+;15.0;C;2023-08-28 00:00:00;2023-08-28 02:00:00;2023-08-28 02:00:00;2023-09-04 02:00:00;2023-09-04 02:00:00;2023-09-01 00:00:00;2023-09-20 00:00:00;;;;;;;;2023-09-04 09:05:24;2023-09-06 01:24:40;2023-09-05 17:36:39;2023-09-05 17:36:46;2023-09-06 05:48:33;2023-09-06 05:50:15;2023-09-06 20:02:17;2023-09-06 20:12:08;;;2023-09-06 21:54:07;2023-09-07 00:48:18;2023-09-07 16:03:05;2023-09-07 16:10:50;2023-09-12 00:00:00;[[TO VERIFY LOW SPEED UNIFORMITY-Default, TO VERIFY TIRE ASPECT-Default], [TO VERIFY LOW SPEED UNIFORMITY-Default, TO VERIFY TIRE ASPECT-Default], [TO VERIFY LOW SPEED UNIFORMITY-Default, TO VERIFY TIRE ASPECT-Default], [TO VERIFY LOW SPEED UNIFORMITY-Default, TO VERIFY TIRE ASPECT-Default]];2023-09-15;0;4;2;1;5;15;15-20;OK
17;254413101;BKR;185/65 R15 92T XL TL CROSSCLIMATE+ MI;254413.0;CROS+15B;M2_U6;RT;ALS;CROSSCLIMATE+;15.0;C;2023-09-14 00:00:00;2023-09-11 02:00:00;2023-09-14 00:00:00;2023-09-29 02:00:00;2023-09-29 02:00:00;2023-09-15 00:00:00;2023-09-20 00:00:00;;;;;;;;2023-09-28 16:27:49;2023-09-30 18:48:00;2023-10-01 05:00:31;2023-10-01 05:00:57;2023-10-01 12:16:42;2023-10-01 12:17:33;2023-10-01 14:05:48;2023-10-01 14:15:39;;;2023-10-01 15:04:13;2023-10-01 16:11:25;2023-10-01 18:18:00;2023-10-01 18:27:04;2023-10-04 00:00:00;[[TO VERIFY TIRE ASPECT-Default, TO VERIFY LOW SPEED UNIFORMITY-Default], [TO VERIFY TIRE ASPECT-Default, TO VERIFY LOW SPEED UNIFORMITY-Default], [TO VERIFY TIRE ASPECT-Default, TO VERIFY LOW SPEED UNIFORMITY-Default], [TO VERIFY TIRE ASPECT-Default, TO VERIFY LOW SPEED UNIFORMITY-Default]];2023-10-06;0;1;3;0;3;20;20-25;OK
18;254413101;BKR;185/65 R15 92T XL TL CROSSCLIMATE+ MI;254413.0;CROS+15B;M2_U6;RT;ALS;CROSSCLIMATE+;15.0;C;2023-10-02 00:00:00;2023-10-02 02:00:00;2023-10-02 02:00:00;2023-10-02 02:00:00;2023-10-02 02:00:00;2023-10-06 00:00:00;2023-10-02 00:00:00;;;;;;;;2023-09-28 16:27:49;2023-10-01 01:17:44;2023-10-01 06:03:09;2023-10-01 06:03:17;2023-10-01 15:29:56;2023-10-01 15:42:37;2023-10-02 00:04:18;2023-10-02 00:14:09;;;2023-10-02 01:01:46;2023-10-02 02:52:00;2023-10-02 03:14:46;2023-10-02 03:24:39;2023-10-04 00:00:00;[[TO VERIFY TIRE ASPECT-Default, TO VERIFY LOW SPEED UNIFORMITY-Default], [TO VERIFY TIRE ASPECT-Default, TO VERIFY LOW SPEED UNIFORMITY-Default], [TO VERIFY TIRE ASPECT-Default, TO VERIFY LOW SPEED UNIFORMITY-Default], [TO VERIFY TIRE ASPECT-Default, TO VERIFY LOW SPEED UNIFORMITY-Default]];2023-10-06;0;4;4;0;2;2;0-5;OK
19;295255105;BKR;235/40 R18 95W XL TL E PRIMACY MI;295255.0;FOR10295;M1_R2;OE;ETE;E PRIMACY;18.0;C;2023-08-30 00:00:00;2023-08-28 02:00:00;2023-08-30 00:00:00;2023-08-29 02:00:00;2023-08-30 00:00:00;2023-09-01 00:00:00;;;;;;;;;2023-09-04 04:19:58;2023-09-05 18:40:41;2023-09-06 00:59:35;2023-09-06 01:02:11;2023-09-06 05:32:07;2023-09-06 05:32:59;2023-09-06 16:55:48;2023-09-06 17:06:18;;;2023-09-06 17:40:14;2023-09-06 17:54:32;2023-09-07 02:02:54;2023-09-07 02:10:16;2023-09-13 00:00:00;[[TO VERIFY LOW SPEED UNIFORMITY-Default, TO VERIFY TIRE ASPECT-Default], [TO VERIFY TIRE ASPECT-Default, TO VERIFY LOW SPEED UNIFORMITY-Default], [TO VERIFY LOW SPEED UNIFORMITY-Default, TO VERIFY TIRE ASPECT-Default], [TO VERIFY TIRE ASPECT-Default, TO VERIFY LOW SPEED UNIFORMITY-Default]];2023-09-15;0;2;2;1;6;14;10-15;
20;303143101;BKR;195/55 R16 87H TL PRIMACY 4+ MI;303143.0;H4M 0018;M2_U7;RT;ETE;PRIMACY 4+;16.0;P;2023-09-08 00:00:00;2023-09-04 02:00:00;2023-09-08 00:00:00;2023-09-04 02:00:00;2023-09-08 00:00:00;2023-09-08 00:00:00;;;;;;2023-09-20 00:00:00;;;2023-09-05 20:35:50;2023-09-05 20:52:15;2023-09-07 01:14:47;2023-09-07 01:14:54;2023-09-07 10:43:27;2023-09-07 10:45:21;2023-09-08 02:08:16;2023-09-08 02:18:07;;;2023-09-08 03:16:56;2023-09-08 03:16:56;2023-09-08 04:07:04;2023-09-08 04:13:31;2023-09-11 00:00:00;[[TO VERIFY TIRE ASPECT-Default], [TO VERIFY TIRE ASPECT-Default], [TO VERIFY TIRE ASPECT-Default], [TO VERIFY TIRE ASPECT-Default]];2023-09-15;0;0;3;0;3;3;0-5;SA
21;303143101;BKR;195/55 R16 87H TL PRIMACY 4+ MI;303143.0;H4M 0018;M2_U7;RT;ETE;PRIMACY 4+;16.0;P;2023-09-18 00:00:00;2023-09-18 02:00:00;2023-09-18 02:00:00;2023-09-18 02:00:00;2023-09-18 02:00:00;2023-09-22 00:00:00;;;;;;2023-09-20 00:00:00;;;2023-09-16 01:36:28;2023-09-17 13:27:26;;;2023-09-18 00:47:24;2023-09-18 00:49:17;2023-09-18 02:03:30;2023-09-18 02:13:21;;;2023-09-18 03:12:54;2023-09-18 04:58:11;2023-09-18 05:32:59;2023-09-18 05:40:26;2023-09-19 00:00:00;[[TO VERIFY LOW SPEED UNIFORMITY-Default, TO VERIFY TIRE ASPECT-Default], [TO VERIFY LOW SPEED UNIFORMITY-Default, TO VERIFY TIRE ASPECT-Default], [TO VERIFY TIRE ASPECT-Default, TO VERIFY LOW SPEED UNIFORMITY-Default], [TO VERIFY TIRE ASPECT-Default, TO VERIFY LOW SPEED UNIFORMITY-Default]];2023-09-22;0;4;2;0;1;1;0-5;SA
22;303143101;BKR;195/55 R16 87H TL PRIMACY 4+ MI;303143.0;H4M 0018;M2_U7;RT;ETE;PRIMACY 4+;16.0;P;2023-09-28 00:00:00;2023-09-25 02:00:00;2023-09-28 00:00:00;2023-09-25 02:00:00;2023-09-28 00:00:00;2023-09-29 00:00:00;;;;;;2023-09-28 00:00:00;;;2023-09-25 14:23:20;2023-09-27 08:39:09;2023-09-27 10:45:28;2023-09-27 10:46:00;2023-09-27 13:24:10;2023-09-27 13:25:12;2023-09-28 08:05:35;2023-09-28 08:15:26;;;2023-09-28 10:02:18;2023-09-28 12:03:36;2023-09-28 13:34:39;2023-09-28 13:41:27;2023-09-29 00:00:00;[[TO VERIFY TIRE ASPECT-Default, TO VERIFY LOW SPEED UNIFORMITY-Default], [TO VERIFY TIRE ASPECT-Default, TO VERIFY LOW SPEED UNIFORMITY-Default], [TO VERIFY TIRE ASPECT-Default, TO VERIFY LOW SPEED UNIFORMITY-Default], [TO VERIFY TIRE ASPECT-Default, TO VERIFY LOW SPEED UNIFORMITY-Default]];2023-09-29;0;1;3;0;1;1;0-5;SA
23;308805114;BKR;225/45 R18 95Y XL TL PILOT SPORT 4 * MI;308805.0;PSP318C;M5_W2;OE;ETE;PILOT SPORT 4;18.0;C;2023-09-08 00:00:00;2023-09-04 02:00:00;2023-09-08 00:00:00;2023-09-05 02:00:00;2023-09-08 00:00:00;2023-09-08 00:00:00;;;;;;;;;2023-09-05 16:17:16;2023-09-11 09:55:05;2023-09-11 22:20:46;2023-09-11 22:23:14;2023-09-12 07:57:10;2023-09-12 08:00:04;2023-09-12 13:39:24;2023-09-12 13:51:15;;;2023-09-12 14:37:22;2023-09-12 17:03:12;2023-09-14 09:15:38;2023-09-14 09:17:27;2023-09-18 00:00:00;[[TO VERIFY TIRE ASPECT-Default, TO VERIFY LOW SPEED UNIFORMITY-Default], [TO VERIFY TIRE ASPECT-Default, TO VERIFY LOW SPEED UNIFORMITY-Default], [TO VERIFY TIRE ASPECT-Default, TO VERIFY LOW SPEED UNIFORMITY-Default], [TO VERIFY TIRE ASPECT-Default, TO VERIFY LOW SPEED UNIFORMITY-Default]];2023-09-22;0;0;7;2;4;10;10-15;
24;313605102;BKR;225/50 R17 94Y TL PRIMACY 4 MO MI;313605.0;PY4_17T;M3_V1;RT;ETE;PRIMACY 4;17.0;C;2023-09-12 00:00:00;2023-09-11 02:00:00;2023-09-12 00:00:00;2023-09-11 02:00:00;2023-09-12 00:00:00;2023-09-15 00:00:00;;;;;;;;2023-09-13 00:00:00;2023-09-07 01:19:25;2023-09-08 16:40:06;2023-09-12 11:46:34;2023-09-12 11:49:02;2023-09-13 07:40:00;2023-09-13 07:42:02;2023-09-13 17:37:41;2023-09-13 17:47:32;;;2023-09-13 19:22:59;2023-09-14 01:37:17;2023-09-14 02:40:44;2023-09-14 02:48:22;2023-09-14 00:00:00;[[TO VERIFY TIRE ASPECT-Default, TO VERIFY LOW SPEED UNIFORMITY-Default], [TO VERIFY TIRE ASPECT-Default, TO VERIFY LOW SPEED UNIFORMITY-Default], [TO VERIFY TIRE ASPECT-Default, TO VERIFY LOW SPEED UNIFORMITY-Default], [TO VERIFY TIRE ASPECT-Default, TO VERIFY LOW SPEED UNIFORMITY-Default]];2023-09-15;0;3;6;1;0;2;0-5;TR
25;341198101;BKR;245/45 R18 100Y XL TL PRIMACY 4 MO MI;341198.0;PY4_18B;M5_W1;RT;ETE;PRIMACY 4;18.0;C;2023-09-11 00:00:00;2023-09-11 02:00:00;2023-09-11 02:00:00;2023-09-11 02:00:00;2023-09-11 02:00:00;2023-09-15 00:00:00;;;;2023-09-20 00:00:00;;;;2023-09-13 00:00:00;2023-09-09 05:32:25;2023-09-10 01:17:35;2023-09-10 07:39:27;2023-09-10 07:41:55;2023-09-10 11:09:46;2023-09-10 11:10:55;2023-09-11 00:43:00;2023-09-11 00:53:21;;;2023-09-11 01:43:51;2023-09-11 04:06:20;2023-09-11 04:41:30;2023-09-11 04:48:26;2023-09-12 00:00:00;[[TO VERIFY TIRE ASPECT-Default, TO VERIFY LOW SPEED UNIFORMITY-Default]];2023-09-15;0;4;2;0;1;1;0-5;CM,TR
26;341198110;BKR;245/45 R18 100Y XL TL PRIMACY 4 MO MI;341198.0;PY4_18B;M5_W1;OE;ETE;PRIMACY 4;18.0;C;2023-08-31 00:00:00;2023-08-28 02:00:00;2023-08-31 00:00:00;2023-08-28 02:00:00;2023-08-31 00:00:00;2023-09-01 00:00:00;;;;;;;;;2023-09-05 02:36:37;2023-09-05 03:06:15;2023-09-05 21:45:07;2023-09-05 21:47:35;2023-09-06 03:56:13;2023-09-06 03:57:49;2023-09-07 07:14:25;2023-09-07 07:24:46;;;2023-09-07 08:27:40;2023-09-07 17:04:41;2023-09-11 09:46:37;2023-09-11 09:53:09;2023-09-21 00:00:00;[[TO VERIFY LOW SPEED UNIFORMITY-Default, TO VERIFY TIRE ASPECT-Default], [TO VERIFY TIRE ASPECT-Default, TO VERIFY LOW SPEED UNIFORMITY-Default], [TO VERIFY LOW SPEED UNIFORMITY-Default, TO VERIFY TIRE ASPECT-Default], [TO VERIFY TIRE ASPECT-Default, TO VERIFY LOW SPEED UNIFORMITY-Default]];2023-09-22;0;1;2;4;10;21;20-25;
27;347166101;BKR;255/35 R19 96Y XL TL CROSSCLIMATE 2 MI;347166.0;CROS2_19C;M1_R2;RT;ALS;CROSSCLIMATE 2;19.0;C;2023-10-02 00:00:00;2023-10-02 02:00:00;2023-10-02 02:00:00;2023-10-02 02:00:00;2023-10-02 02:00:00;2023-10-06 00:00:00;;;;;;;2023-10-05 00:00:00;;2023-09-28 00:46:40;2023-10-01 20:53:06;2023-09-30 14:00:48;2023-09-30 14:03:24;2023-10-01 22:11:47;2023-10-01 22:12:47;2023-10-02 01:42:37;2023-10-02 01:53:37;;;2023-10-02 02:25:38;2023-10-02 02:45:11;2023-10-02 08:38:08;2023-10-02 08:43:37;2023-10-09 00:00:00;[[TO VERIFY TIRE ASPECT-Default, TO VERIFY LOW SPEED UNIFORMITY-Default], [TO VERIFY TIRE ASPECT-Default, TO VERIFY LOW SPEED UNIFORMITY-Default], [TO VERIFY TIRE ASPECT-Default, TO VERIFY LOW SPEED UNIFORMITY-Default], [TO VERIFY TIRE ASPECT-Default, TO VERIFY LOW SPEED UNIFORMITY-Default]];2023-10-13;0;4;4;0;7;7;5-10;MR
28;359856101;BKR;175/65 R15 84T TL ALPIN A4 GRNX MI;359856.0;BMW 1793;M2_U5;RT;HIV;ALPIN A4;15.0;C;2023-09-05 00:00:00;2023-09-04 02:00:00;2023-09-05 00:00:00;2023-09-12 02:00:00;2023-09-12 02:00:00;2023-09-08 00:00:00;;;;;;;;;2023-09-25 11:19:05;2023-09-26 21:17:38;2023-09-27 05:07:51;2023-09-27 05:08:34;2023-09-27 08:34:18;2023-09-27 08:35:39;2023-09-27 21:51:39;2023-09-27 22:01:30;;;2023-09-27 22:56:34;2023-09-28 01:11:29;2023-09-28 15:33:03;2023-09-28 15:42:46;2023-10-02 00:00:00;[[TO VERIFY TIRE ASPECT-Default, TO VERIFY LOW SPEED UNIFORMITY-Default], [TO VERIFY TIRE ASPECT-Default, TO VERIFY LOW SPEED UNIFORMITY-Default], [TO VERIFY TIRE ASPECT-Default, TO VERIFY LOW SPEED UNIFORMITY-Default], [TO VERIFY TIRE ASPECT-Default, TO VERIFY LOW SPEED UNIFORMITY-Default]];2023-10-06;0;3;2;1;4;27;25-30;
29;368279101;BKR;235/40 ZR19 (96Y) EXTRA LOAD TL PILOT SPORT 4 S MI;368279.0;PSP419A;M1_R2;RT;ETE;PILOT SPORT 4 S;19.0;C;2023-09-21 00:00:00;2023-09-18 02:00:00;2023-09-21 00:00:00;2023-09-27 02:00:00;2023-09-27 02:00:00;2023-09-22 00:00:00;;;;2023-09-21 00:00:00;;;;;2023-09-25 14:44:23;2023-09-27 01:39:36;2023-09-27 18:58:02;2023-09-27 19:00:38;2023-09-27 19:42:51;2023-09-27 19:43:38;2023-09-28 01:37:09;2023-09-28 01:48:39;;;2023-09-28 02:25:26;2023-09-28 02:37:38;2023-09-28 08:59:59;2023-09-28 09:06:41;2023-10-07 00:00:00;[[TO VERIFY TIRE ASPECT-Default, TO VERIFY LOW SPEED UNIFORMITY-Default], [TO VERIFY TIRE ASPECT-Default, TO VERIFY LOW SPEED UNIFORMITY-Default], [TO VERIFY TIRE ASPECT-Default, TO VERIFY LOW SPEED UNIFORMITY-Default], [TO VERIFY TIRE ASPECT-Default, TO VERIFY LOW SPEED UNIFORMITY-Default]];2023-10-14;0;1;3;0;9;16;15-20;CM
30;368279105;BKR;235/40 ZR19 (96Y) EXTRA LOAD TL PILOT SPORT 4 S MI;368279.0;PSP419A;M1_R2;RT;ETE;PILOT SPORT 4 S;19.0;C;2023-09-25 00:00:00;2023-09-25 02:00:00;2023-09-25 02:00:00;2023-09-27 02:00:00;2023-09-27 02:00:00;2023-09-29 00:00:00;;;;2023-09-25 00:00:00;;;;;2023-09-27 01:39:36;2023-09-28 18:46:49;2023-09-29 03:43:40;2023-09-29 03:46:16;2023-09-29 04:52:41;2023-09-29 04:53:40;2023-09-29 21:16:10;2023-09-29 21:27:40;;;2023-09-29 22:42:15;2023-09-29 23:21:48;2023-09-30 04:47:13;2023-09-30 04:52:46;2023-10-04 00:00:00;[[TO VERIFY METALIC COMPONENTS-Default, TO VERIFY LOW SPEED UNIFORMITY-Default, TO VERIFY TIRE ASPECT-Default], [TO VERIFY METALIC COMPONENTS-Default, TO VERIFY LOW SPEED UNIFORMITY-Default, TO VERIFY TIRE ASPECT-Default], [TO VERIFY METALIC COMPONENTS-Default, TO VERIFY LOW SPEED UNIFORMITY-Default, TO VERIFY TIRE ASPECT-Default], [TO VERIFY METALIC COMPONENTS-Default, TO VERIFY LOW SPEED UNIFORMITY-Default, TO VERIFY TIRE ASPECT-Default]];2023-10-06;0;4;2;1;4;9;5-10;CM
31;374250102;BKR;215/55 R17 94V TL PRIMACY 4 S1 MI;374250.0;PY4_17K;M3_V1;RT;ETE;PRIMACY 4;17.0;C;2023-09-01 00:00:00;2023-08-28 02:00:00;2023-09-01 00:00:00;2023-09-04 02:00:00;2023-09-04 02:00:00;2023-09-01 00:00:00;2023-09-13 00:00:00;;;;;;;;2023-09-09 20:45:47;2023-09-11 21:31:27;2023-09-12 04:11:58;2023-09-12 04:14:26;2023-09-12 18:28:57;2023-09-12 18:30:58;2023-09-13 01:11:00;2023-09-13 01:20:51;;;2023-09-13 02:40:07;2023-09-13 05:31:36;2023-09-14 10:30:38;2023-09-14 10:36:39;2023-10-02 00:00:00;[[TO VERIFY TIRE ASPECT-Default, TO VERIFY LOW SPEED UNIFORMITY-Default], [TO VERIFY TIRE ASPECT-Default, TO VERIFY LOW SPEED UNIFORMITY-Default], [TO VERIFY TIRE ASPECT-Default, TO VERIFY LOW SPEED UNIFORMITY-Default], [TO VERIFY TIRE ASPECT-Default, TO VERIFY LOW SPEED UNIFORMITY-Default]];2023-10-06;0;0;4;1;18;31;30-35;OK
32;374250112;BKR;215/55 R17 94V TL PRIMACY 4 S1 MI;374250.0;PY4_17K;M3_V1;OE;ETE;PRIMACY 4;17.0;C;2023-09-11 00:00:00;2023-09-11 02:00:00;2023-09-11 02:00:00;2023-09-11 02:00:00;2023-09-11 02:00:00;2023-09-15 00:00:00;;;;;;2023-09-13 00:00:00;;;2023-09-03 07:48:41;2023-09-03 08:48:08;2023-09-10 00:12:38;2023-09-10 00:15:06;2023-09-11 01:35:21;2023-09-11 02:05:27;2023-09-11 03:52:04;2023-09-11 04:01:55;;;2023-09-11 05:13:38;2023-09-12 03:14:31;2023-09-12 19:41:41;2023-09-12 19:48:54;2023-09-13 00:00:00;[[TO VERIFY LOW SPEED UNIFORMITY-Default, TO VERIFY TIRE ASPECT-Default, TO VERIFY METALIC COMPONENTS-Default]];2023-09-15;0;4;8;1;1;2;0-5;SA
33;394068101;BKR;195/55 R16 91V XL TL PRIMACY 4+ MI;394068.0;H4M 0018;M2_U7;RT;ETE;PRIMACY 4+;16.0;P;2023-09-15 00:00:00;2023-09-11 02:00:00;2023-09-15 00:00:00;2023-09-11 02:00:00;2023-09-15 00:00:00;2023-09-15 00:00:00;;2023-09-20 00:00:00;;;;;;;2023-09-12 23:10:09;2023-09-13 09:21:11;2023-09-14 08:36:13;2023-09-14 08:36:20;2023-09-14 17:51:46;2023-09-14 17:52:55;2023-09-15 00:00:08;2023-09-15 00:09:59;;;2023-09-15 01:20:40;2023-09-15 01:20:40;2023-09-15 05:42:44;2023-09-15 05:51:37;2023-09-18 00:00:00;[[TO VERIFY TIRE ASPECT-Default], [TO VERIFY TIRE ASPECT-Default], [TO VERIFY TIRE ASPECT-Default], [TO VERIFY TIRE ASPECT-Default]];2023-09-22;0;0;3;0;3;3;0-5;MO
34;394068108;BKR;195/55 R16 91V XL TL PRIMACY 4+ MI;394068.0;H4M 0018;M2_U7;RT;ETE;PRIMACY 4+;16.0;P;2023-09-08 00:00:00;2023-09-04 02:00:00;2023-09-08 00:00:00;2023-09-04 02:00:00;2023-09-08 00:00:00;2023-09-08 00:00:00;;;;;;;;;2023-09-15 20:38:32;2023-09-17 13:27:26;2023-09-17 21:37:42;2023-09-17 21:37:49;2023-09-18 03:19:20;2023-09-18 03:21:30;2023-09-18 08:24:37;2023-09-18 08:34:28;2023-09-23 10:54:11;2023-09-23 10:54:11;2023-09-18 09:44:27;2023-09-23 16:46:00;2023-09-23 13:10:13;2023-09-23 13:20:29;2023-09-27 00:00:00;[[TO VERIFY TIRE ASPECT-Default, TO VERIFY TIRE ASPECT-Default, TO COUNTER VERIFY THE TIRE-Default], [TO VERIFY TIRE ASPECT-Default, TO VERIFY TIRE ASPECT-Default, TO COUNTER VERIFY THE TIRE-Default], [TO REPAIR WITHOUT ADDING RUBBER (R1)], [TO REPAIR WITHOUT ADDING RUBBER (R1)]];2023-09-29;0;0;3;5;4;19;15-20;
35;398043102;BKR;225/40 R18 92Y XLTL PRIMACY 4 S1 MI;398043.0;PY4_18H;M5_W2;RT;ETE;PRIMACY 4;18.0;P;2023-09-07 00:00:00;2023-09-04 02:00:00;2023-09-07 00:00:00;2023-09-04 02:00:00;2023-09-07 00:00:00;2023-09-08 00:00:00;;;;;;;;;2023-09-05 18:39:23;2023-09-05 19:21:24;2023-09-06 09:16:19;2023-09-06 09:18:55;2023-09-06 19:03:27;2023-09-06 19:04:11;2023-09-07 04:38:05;2023-09-07 04:49:05;;;2023-09-07 05:22:39;2023-09-07 07:02:47;2023-09-07 09:32:48;2023-09-07 09:39:25;2023-09-12 00:00:00;[[TO VERIFY TIRE ASPECT-Default, TO VERIFY LOW SPEED UNIFORMITY-Default], [TO VERIFY TIRE ASPECT-Default, TO VERIFY LOW SPEED UNIFORMITY-Default], [TO VERIFY TIRE ASPECT-Default, TO VERIFY LOW SPEED UNIFORMITY-Default], [TO VERIFY TIRE ASPECT-Default, TO VERIFY LOW SPEED UNIFORMITY-Default]];2023-09-15;0;1;2;0;5;5;5-10;
36;398043102;BKR;225/40 R18 92Y XLTL PRIMACY 4 S1 MI;398043.0;PY4_18H;M5_W2;RT;ETE;PRIMACY 4;18.0;P;2023-09-12 00:00:00;2023-09-11 02:00:00;2023-09-12 00:00:00;2023-09-11 02:00:00;2023-09-12 00:00:00;2023-09-15 00:00:00;;;;;;;;;2023-09-11 00:39:49;2023-09-11 07:13:35;2023-09-12 02:42:22;2023-09-12 02:44:58;2023-09-12 03:10:59;2023-09-12 03:24:44;2023-09-12 19:04:39;2023-09-12 19:15:39;;;2023-09-12 19:49:02;2023-09-12 20:37:00;2023-09-13 00:58:06;2023-09-13 01:04:44;2023-09-20 00:00:00;[[TO VERIFY LOW SPEED UNIFORMITY-Default, TO VERIFY TIRE ASPECT-Default], [TO VERIFY LOW SPEED UNIFORMITY-Default, TO VERIFY TIRE ASPECT-Default], [TO VERIFY LOW SPEED UNIFORMITY-Default, TO VERIFY TIRE ASPECT-Default], [TO VERIFY LOW SPEED UNIFORMITY-Default, TO VERIFY TIRE ASPECT-Default]];2023-09-22;0;3;1;1;7;8;5-10;
37;398043104;BKR;225/40 R18 92Y XLTL PRIMACY 4 S1 MI;398043.0;PY4_18H;M5_W1;OE;ETE;PRIMACY 4;18.0;P;2023-08-31 00:00:00;2023-08-28 02:00:00;2023-08-31 00:00:00;2023-08-28 02:00:00;2023-08-31 00:00:00;2023-09-01 00:00:00;;;;;;;;;2023-09-04 05:02:41;2023-09-04 05:10:27;2023-09-03 21:46:21;2023-09-03 21:48:49;2023-09-05 07:05:28;2023-09-05 07:06:27;2023-09-05 23:23:29;2023-09-05 23:33:50;;;;;2023-09-06 06:40:22;2023-09-06 06:45:52;2023-09-07 00:00:00;[];2023-09-08;0;1;1;1;1;7;5-10;
38;413585101;BKR;215/50 R18 92W TL PRIMACY 4 AO MI;413585.0;PY4_18D;M5_W2;RT;ETE;PRIMACY 4;18.0;P;2023-09-20 00:00:00;2023-09-18 02:00:00;2023-09-20 00:00:00;2023-09-18 02:00:00;2023-09-20 00:00:00;2023-09-22 00:00:00;2023-10-05 00:00:00;;;;;;;;2023-09-19 04:31:02;2023-09-19 14:47:15;2023-09-20 01:00:19;2023-09-20 01:02:47;2023-09-20 02:07:01;2023-09-20 02:08:24;2023-09-20 09:36:22;2023-09-20 09:47:13;;;2023-09-20 10:55:48;2023-09-20 12:35:35;2023-09-22 05:25:01;2023-09-22 05:32:04;2023-09-25 00:00:00;[[TO VERIFY TIRE ASPECT-Default, TO VERIFY METALIC COMPONENTS-Default, TO VERIFY LOW SPEED UNIFORMITY-Default], [TO VERIFY TIRE ASPECT-Default, TO VERIFY METALIC COMPONENTS-Default, TO VERIFY LOW SPEED UNIFORMITY-Default], [TO VERIFY TIRE ASPECT-Default, TO VERIFY METALIC COMPONENTS-Default, TO VERIFY LOW SPEED UNIFORMITY-Default], [TO VERIFY TIRE ASPECT-Default, TO VERIFY METALIC COMPONENTS-Default, TO VERIFY LOW SPEED UNIFORMITY-Default]];2023-09-29;0;2;1;2;3;5;5-10;OK
39;413585103;BKR;215/50 R18 92W TL PRIMACY 4 AO MI;413585.0;PY4_18D;M5_W2;OE;ETE;PRIMACY 4;18.0;P;2023-09-06 00:00:00;2023-09-04 02:00:00;2023-09-06 00:00:00;2023-09-04 02:00:00;2023-09-06 00:00:00;2023-09-08 00:00:00;;;;;;;;;2023-09-05 05:28:11;2023-09-05 06:13:10;2023-09-06 17:47:18;2023-09-06 17:49:46;2023-09-06 21:53:26;2023-09-06 21:57:29;2023-09-07 13:12:03;2023-09-07 13:22:54;;;2023-09-07 14:37:56;2023-09-07 16:15:33;2023-09-08 18:40:14;2023-09-08 18:47:36;2023-09-11 00:00:00;[[TO VERIFY LOW SPEED UNIFORMITY-Default, TO VERIFY TIRE ASPECT-Default], [TO VERIFY LOW SPEED UNIFORMITY-Default, TO VERIFY TIRE ASPECT-Default], [TO VERIFY LOW SPEED UNIFORMITY-Default, TO VERIFY TIRE ASPECT-Default], [TO VERIFY LOW SPEED UNIFORMITY-Default, TO VERIFY TIRE ASPECT-Default]];2023-09-15;0;2;2;1;3;5;5-10;
40;413585103;BKR;215/50 R18 92W TL PRIMACY 4 AO MI;413585.0;PY4_18D;M5_W2;OE;ETE;PRIMACY 4;18.0;P;2023-09-15 00:00:00;2023-09-11 02:00:00;2023-09-15 00:00:00;2023-09-11 02:00:00;2023-09-15 00:00:00;2023-09-15 00:00:00;2023-10-05 00:00:00;;;;;;;;2023-09-12 15:45:56;2023-09-13 03:55:41;2023-09-13 15:13:55;2023-09-13 15:16:23;2023-09-13 20:45:37;2023-09-13 20:46:47;2023-09-15 03:34:37;2023-09-15 03:45:28;;;2023-09-15 05:33:37;2023-09-15 10:19:53;2023-09-15 10:27:27;2023-09-15 10:34:10;2023-09-20 00:00:00;[[TO VERIFY LOW SPEED UNIFORMITY-Default, TO VERIFY TIRE ASPECT-Default], [TO VERIFY LOW SPEED UNIFORMITY-Default, TO VERIFY TIRE ASPECT-Default], [TO VERIFY LOW SPEED UNIFORMITY-Default, TO VERIFY TIRE ASPECT-Default], [TO VERIFY LOW SPEED UNIFORMITY-Default, TO VERIFY TIRE ASPECT-Default]];2023-09-22;0;0;3;0;5;5;5-10;OK
41;422091106;BKR;235/55 R19 105H XL TL CROSSCLIMATE 2 VOL MI;422091.0;CROS2_19A;M1_R1;OE;ALS;CROSSCLIMATE 2;19.0;P;2023-08-30 00:00:00;2023-08-28 02:00:00;2023-08-30 00:00:00;2023-08-28 02:00:00;2023-08-30 00:00:00;2023-09-01 00:00:00;;;;;;;;;2023-09-08 02:55:52;2023-09-08 09:30:27;2023-09-08 08:25:56;2023-09-08 08:28:32;2023-09-08 12:17:18;2023-09-08 12:18:12;2023-09-08 18:49:45;2023-09-08 19:00:45;;;2023-09-08 19:40:41;2023-09-08 22:19:29;2023-09-08 21:48:37;2023-09-08 21:53:42;2023-09-11 00:00:00;[[TO VERIFY TIRE ASPECT-Default, TO VERIFY LOW SPEED UNIFORMITY-Default, TO COUNTER VERIFY THE TIRE-Default]];2023-09-15;0;2;0;0;3;12;10-15;
42;428228109;BKR;215/55 R17 94W TL PRIMACY 4+ MI;428228.0;H4M 0032;M5_MF5;RT;ETE;PRIMACY 4+;17.0;C;2023-09-08 00:00:00;2023-09-04 02:00:00;2023-09-08 00:00:00;2023-09-04 02:00:00;2023-09-08 00:00:00;2023-09-08 00:00:00;;;;;;;;;2023-09-08 10:05:37;2023-09-09 14:18:11;2023-09-10 22:26:45;2023-09-10 22:29:13;2023-09-11 04:01:40;2023-09-11 04:06:26;2023-09-11 18:38:24;2023-09-11 18:48:45;;;2023-09-11 19:52:46;2023-09-11 19:52:46;2023-09-11 21:28:24;2023-09-11 21:35:04;2023-09-18 00:00:00;[[TO VERIFY TIRE ASPECT-Default]];2023-09-22;0;0;3;0;7;10;10-15;
43;444057104;BKR;205/55R16 91V TL PRIMACY 4+ MI;444057.0;H4M 083;M6_R4;RT;ETE;PRIMACY 4+;16.0;P;2023-09-13 00:00:00;2023-09-11 02:00:00;2023-09-13 00:00:00;2023-09-11 02:00:00;2023-09-13 00:00:00;2023-09-15 00:00:00;;;;;;;;;2023-09-11 23:14:51;2023-09-12 02:33:08;2023-09-12 18:11:31;2023-09-12 18:11:40;2023-09-12 20:11:38;2023-09-12 20:12:29;2023-09-13 03:53:45;2023-09-13 04:04:36;2023-09-13 05:11:33;2023-09-13 05:11:33;2023-09-13 05:05:37;2023-09-13 05:11:33;2023-09-13 07:24:59;2023-09-13 07:31:29;2023-09-14 00:00:00;[[TO VERIFY TIRE ASPECT-Default, TO VERIFY TIRE ASPECT-Default], [TO VERIFY TIRE ASPECT-Default, TO VERIFY TIRE ASPECT-Default], [TO VERIFY TIRE ASPECT-Default, TO VERIFY TIRE ASPECT-Default], [TO VERIFY TIRE ASPECT-Default, TO VERIFY TIRE ASPECT-Default], [TO REPAIR WITHOUT ADDING RUBBER (R1)], [TO REPAIR WITHOUT ADDING RUBBER (R1)], [TO REPAIR WITHOUT ADDING RUBBER (R1)], [TO REPAIR WITHOUT ADDING RUBBER (R1)]];2023-09-15;0;2;2;0;1;1;0-5;
44;478553107;BKR;215/55 R17 94V TL ALPIN 5 AO MI;478553.0;AL517C;M3_V2;OE;HIV;ALPIN 5;17.0;C;2023-09-18 00:00:00;2023-09-18 02:00:00;2023-09-18 02:00:00;2023-09-22 02:00:00;2023-09-22 02:00:00;2023-09-22 00:00:00;2023-09-20 00:00:00;;;;;;;;2023-09-20 09:12:08;2023-09-21 10:56:56;2023-09-22 11:27:53;2023-09-22 11:30:21;2023-09-22 19:52:53;2023-09-22 19:54:52;2023-09-22 22:43:13;2023-09-22 22:53:34;;;2023-09-22 23:43:49;2023-09-23 00:23:18;2023-09-23 04:36:32;2023-09-23 04:43:12;2023-09-25 00:00:00;[[TO VERIFY TIRE ASPECT-Default, TO VERIFY LOW SPEED UNIFORMITY-Default], [TO VERIFY TIRE ASPECT-Default, TO VERIFY LOW SPEED UNIFORMITY-Default], [TO VERIFY TIRE ASPECT-Default, TO VERIFY LOW SPEED UNIFORMITY-Default], [TO VERIFY TIRE ASPECT-Default, TO VERIFY LOW SPEED UNIFORMITY-Default]];2023-09-29;0;4;2;1;2;7;5-10;OK
45;478553107;BKR;215/55 R17 94V TL ALPIN 5 AO MI;478553.0;AL517C;M3_V2;OE;HIV;ALPIN 5;17.0;C;2023-09-28 00:00:00;2023-09-25 02:00:00;2023-09-28 00:00:00;2023-09-25 02:00:00;2023-09-28 00:00:00;2023-09-29 00:00:00;2023-09-28 00:00:00;;;;;;;;2023-09-24 17:32:35;2023-09-26 16:16:33;2023-09-26 23:53:20;2023-09-26 23:55:48;2023-09-27 12:05:09;2023-09-27 12:07:06;2023-09-28 01:51:52;2023-09-28 02:02:13;;;2023-09-28 03:24:00;2023-09-28 03:39:02;2023-09-28 04:17:41;2023-09-28 04:25:41;2023-09-29 00:00:00;[[TO VERIFY LOW SPEED UNIFORMITY-Default, TO VERIFY TIRE ASPECT-Default], [TO VERIFY LOW SPEED UNIFORMITY-Default, TO VERIFY TIRE ASPECT-Default], [TO VERIFY LOW SPEED UNIFORMITY-Default, TO VERIFY TIRE ASPECT-Default], [TO VERIFY LOW SPEED UNIFORMITY-Default, TO VERIFY TIRE ASPECT-Default]];2023-09-29;0;1;4;0;1;1;0-5;OK
46;488689101;BKR;195/55 R16 87W TL PRIMACY 4 * MI;488689.0;PY4_16J;M2_U7;OE;ETE;PRIMACY 4;16.0;C;2023-09-13 00:00:00;2023-09-11 02:00:00;2023-09-13 00:00:00;2023-09-13 02:00:00;2023-09-13 02:00:00;2023-09-15 00:00:00;;;;;;;;;2023-09-21 23:29:13;2023-09-26 04:57:19;2023-09-26 12:05:00;2023-09-26 12:05:10;2023-09-26 12:55:22;2023-09-26 12:56:24;2023-09-26 19:32:21;2023-09-26 19:42:12;;;2023-09-26 20:35:12;2023-09-26 23:33:36;2023-09-27 10:24:07;2023-09-27 10:32:22;2023-09-29 00:00:00;[[TO VERIFY TIRE ASPECT-Default, TO VERIFY LOW SPEED UNIFORMITY-Default], [TO VERIFY TIRE ASPECT-Default, TO VERIFY LOW SPEED UNIFORMITY-Default], [TO VERIFY TIRE ASPECT-Default, TO VERIFY LOW SPEED UNIFORMITY-Default], [TO VERIFY TIRE ASPECT-Default, TO VERIFY LOW SPEED UNIFORMITY-Default]];2023-09-29;0;2;5;1;2;16;15-20;
47;508145101;BKR;235/55 R19 105H XL TL PILOT ALPIN 5 SUV MO MI;508145.0;MER(01636);M1_R2;RT;HIV;PILOT ALPIN 5 SUV;19.0;C;2023-09-11 00:00:00;2023-09-11 02:00:00;2023-09-11 02:00:00;2023-09-11 02:00:00;2023-09-11 02:00:00;2023-09-15 00:00:00;;;;;;2023-09-13 00:00:00;;;2023-09-08 14:35:14;2023-09-09 11:10:28;2023-09-09 21:28:17;2023-09-09 21:30:53;2023-09-11 09:33:55;2023-09-11 09:34:49;2023-09-11 16:21:08;2023-09-11 16:32:38;;;2023-09-11 22:22:25;2023-09-11 23:21:34;2023-09-12 00:45:04;2023-09-12 00:49:16;2023-09-14 00:00:00;[[TO VERIFY LOW SPEED UNIFORMITY-Default, TO VERIFY TIRE ASPECT-Default, TO VERIFY METALIC COMPONENTS-Default]];2023-09-15;0;4;3;1;2;3;0-5;SA
48;508291110;BKR;205/40 ZR18 86Y EXTRA LOAD TL PILOT SPORT 4 DT1 MI;508291.0;PSP418GA;M5_W2;RT;ETE;PILOT SPORT 4;18.0;C;2023-09-21 00:00:00;2023-09-18 02:00:00;2023-09-21 00:00:00;2023-09-26 02:00:00;2023-09-26 02:00:00;2023-09-22 00:00:00;;;;;;;;;2023-09-25 11:35:44;2023-09-27 08:47:35;2023-09-28 03:37:12;2023-09-28 03:39:40;2023-09-28 04:39:09;2023-09-28 04:39:50;2023-09-28 16:19:30;2023-09-28 16:30:51;;;2023-09-28 17:22:30;2023-09-28 17:36:13;2023-09-28 22:45:13;2023-09-28 22:51:48;2023-10-02 00:00:00;[[TO VERIFY TIRE ASPECT-Default, TO VERIFY LOW SPEED UNIFORMITY-Default], [TO VERIFY TIRE ASPECT-Default, TO VERIFY LOW SPEED UNIFORMITY-Default], [TO VERIFY TIRE ASPECT-Default, TO VERIFY LOW SPEED UNIFORMITY-Default], [TO VERIFY TIRE ASPECT-Default, TO VERIFY LOW SPEED UNIFORMITY-Default]];2023-10-06;0;1;3;0;4;11;10-15;
49;528811101;BKR;215/55 R16 97V XL TL CROSSCLIMATE 2 MI;528811.0;CROS2_16A;M3_V2;RT;ALS;CROSSCLIMATE 2;16.0;C;2023-08-28 00:00:00;2023-08-28 02:00:00;2023-08-28 02:00:00;2023-09-04 02:00:00;2023-09-04 02:00:00;2023-09-01 00:00:00;;;;;;2023-09-20 00:00:00;;;2023-09-03 06:56:33;2023-09-05 12:04:17;2023-09-06 01:01:50;2023-09-06 01:04:18;2023-09-06 03:34:37;2023-09-06 03:35:08;2023-09-06 04:43:37;2023-09-06 04:53:28;;;;;2023-09-06 09:46:10;2023-09-06 09:55:12;2023-09-11 00:00:00;[];2023-09-15;0;4;3;0;5;14;10-15;SA
50;528811101;BKR;215/55 R16 97V XL TL CROSSCLIMATE 2 MI;528811.0;CROS2_16A;M3_V2;RT;ALS;CROSSCLIMATE 2;16.0;C;2023-09-14 00:00:00;2023-09-11 02:00:00;2023-09-14 00:00:00;2023-09-28 02:00:00;2023-09-28 02:00:00;2023-09-15 00:00:00;;;;;;2023-09-20 00:00:00;;;2023-09-26 17:37:13;2023-09-27 15:25:49;2023-09-28 08:18:23;2023-09-28 08:20:51;2023-09-28 09:20:12;2023-09-28 09:20:43;2023-09-28 20:25:26;2023-09-28 20:35:17;;;2023-09-28 21:46:10;2023-09-28 23:06:45;2023-09-28 23:26:48;2023-09-28 23:33:29;2023-10-02 00:00:00;[[TO VERIFY LOW SPEED UNIFORMITY-Default, TO VERIFY TIRE ASPECT-Default], [TO VERIFY TIRE ASPECT-Default, TO VERIFY LOW SPEED UNIFORMITY-Default], [TO VERIFY LOW SPEED UNIFORMITY-Default, TO VERIFY TIRE ASPECT-Default], [TO VERIFY TIRE ASPECT-Default, TO VERIFY LOW SPEED UNIFORMITY-Default]];2023-10-06;0;1;2;0;4;18;15-20;SA
51;536378102;BKR;205/60 R16 96H XL TL CROSSCLIMATE+ S1 MI;536378.0;REN 1183;M3_V3;OE;ALS;CROSSCLIMATE+;16.0;C;2023-09-11 00:00:00;2023-09-11 02:00:00;2023-09-11 02:00:00;2023-09-11 02:00:00;2023-09-11 02:00:00;2023-09-15 00:00:00;;;;;;2023-09-13 00:00:00;;;2023-09-07 22:30:58;2023-09-09 21:22:54;2023-09-10 08:51:42;2023-09-10 08:54:10;2023-09-10 17:34:28;2023-09-10 17:34:59;2023-09-11 00:50:13;2023-09-11 00:59:34;;;2023-09-11 01:47:54;2023-09-11 03:23:00;2023-09-11 04:47:04;2023-09-11 04:54:30;2023-09-13 00:00:00;[[TO VERIFY TIRE ASPECT-Default, TO VERIFY LOW SPEED UNIFORMITY-Default]];2023-09-15;0;4;4;0;2;2;0-5;SA
52;545351103;BKR;205/60 R16 92H TL ALPIN 5 MO MI;545351.0;AL516HA;M2_U7;RT;HIV;ALPIN 5;16.0;C;2023-09-14 00:00:00;2023-09-11 02:00:00;2023-09-14 00:00:00;2023-09-11 02:00:00;2023-09-14 00:00:00;2023-09-15 00:00:00;;;;;;;;2023-09-20 00:00:00;2023-09-15 16:41:27;2023-09-17 08:45:15;2023-09-17 17:31:17;2023-09-17 17:31:33;2023-09-17 19:15:03;2023-09-17 19:16:11;2023-09-18 05:36:18;2023-09-18 05:46:09;2023-09-18 08:53:44;2023-09-18 08:53:44;2023-09-18 06:48:54;2023-09-18 08:53:44;2023-09-19 14:58:43;2023-09-19 14:59:49;2023-09-20 00:00:00;[[TO VERIFY TIRE ASPECT-Default, TO VERIFY LOW SPEED UNIFORMITY-Default, TO VERIFY TIRE ASPECT-Default], [TO VERIFY TIRE ASPECT-Default, TO VERIFY TIRE ASPECT-Default, TO VERIFY LOW SPEED UNIFORMITY-Default], [TO VERIFY TIRE ASPECT-Default, TO VERIFY TIRE ASPECT-Default, TO VERIFY LOW SPEED UNIFORMITY-Default], [TO VERIFY TIRE ASPECT-Default, TO VERIFY LOW SPEED UNIFORMITY-Default, TO VERIFY TIRE ASPECT-Default], [TO REPAIR WITHOUT ADDING RUBBER (R1)], [TO REPAIR WITHOUT ADDING RUBBER (R1)], [TO REPAIR WITHOUT ADDING RUBBER (R1)], [TO REPAIR WITHOUT ADDING RUBBER (R1)]];2023-09-22;0;1;3;1;1;6;5-10;TR
53;557633108;BKR;205/55 R17 91W TL PRIMACY 4 MO MI;557633.0;PY4_17M;M6_R5;OE;ETE;PRIMACY 4;17.0;C;2023-09-07 00:00:00;2023-09-04 02:00:00;2023-09-07 00:00:00;2023-09-05 02:00:00;2023-09-07 00:00:00;2023-09-08 00:00:00;;;;;;;;;2023-09-04 12:27:15;2023-09-04 12:59:07;2023-09-05 17:00:37;2023-09-05 17:03:20;2023-09-06 01:42:00;2023-09-06 01:42:45;2023-09-07 19:01:36;2023-09-07 19:11:27;;;2023-09-07 20:32:00;2023-09-07 22:46:00;2023-09-08 04:30:04;2023-09-08 04:38:38;2023-09-11 00:00:00;[[TO VERIFY TIRE ASPECT-Default, TO VERIFY LOW SPEED UNIFORMITY-Default], [TO VERIFY TIRE ASPECT-Default, TO VERIFY LOW SPEED UNIFORMITY-Default], [TO VERIFY TIRE ASPECT-Default, TO VERIFY LOW SPEED UNIFORMITY-Default], [TO VERIFY TIRE ASPECT-Default, TO VERIFY LOW SPEED UNIFORMITY-Default]];2023-09-15;0;1;3;1;3;4;0-5;
54;568687101;BKR;245/35 R19 93Y XL TL CROSSCLIMATE 2 MI;568687.0;CROS2_19D;M1_R2;RT;ALS;CROSSCLIMATE 2;19.0;C;2023-09-25 00:00:00;2023-09-25 02:00:00;2023-09-25 02:00:00;2023-09-25 02:00:00;2023-09-25 02:00:00;2023-09-29 00:00:00;;;;;;;;;2023-09-24 13:51:26;2023-09-25 02:25:43;2023-09-25 13:41:14;2023-09-25 13:43:50;2023-09-25 17:18:59;2023-09-25 17:19:51;2023-09-25 18:32:00;2023-09-25 18:43:00;;;2023-09-25 19:53:06;2023-09-25 19:59:30;2023-09-26 01:55:54;2023-09-26 02:01:22;2023-09-27 00:00:00;[[TO VERIFY TIRE ASPECT-Default, TO VERIFY LOW SPEED UNIFORMITY-Default]];2023-09-29;0;4;1;1;1;2;0-5;
55;569780103;BKR;215/55 R17 94V TL PRIMACY 4 AO MI;569780.0;PY4_17O;M3_V2;OE;ETE;PRIMACY 4;17.0;C;2023-08-28 00:00:00;2023-08-28 02:00:00;2023-08-28 02:00:00;2023-09-13 02:00:00;2023-09-13 02:00:00;2023-09-01 00:00:00;;;;;;;;;2023-09-10 14:38:14;2023-09-12 21:40:23;2023-09-13 03:09:52;2023-09-13 03:12:20;2023-09-13 17:14:57;2023-09-13 17:16:23;2023-09-13 22:31:15;2023-09-13 22:41:36;;;2023-09-14 00:00:18;2023-09-14 04:25:32;2023-09-14 04:58:38;2023-09-14 05:04:46;2023-09-18 00:00:00;[[TO VERIFY LOW SPEED UNIFORMITY-Default, TO VERIFY TIRE ASPECT-Default], [TO VERIFY LOW SPEED UNIFORMITY-Default, TO VERIFY TIRE ASPECT-Default], [TO VERIFY LOW SPEED UNIFORMITY-Default, TO VERIFY TIRE ASPECT-Default], [TO VERIFY LOW SPEED UNIFORMITY-Default, TO VERIFY TIRE ASPECT-Default]];2023-09-22;0;4;3;1;4;21;20-25;
56;569780103;BKR;215/55 R17 94V TL PRIMACY 4 AO MI;569780.0;PY4_17O;M3_V2;OE;ETE;PRIMACY 4;17.0;C;2023-09-15 00:00:00;2023-09-11 02:00:00;2023-09-15 00:00:00;2023-09-13 02:00:00;2023-09-15 00:00:00;2023-09-15 00:00:00;;;;;;;;;2023-09-10 15:51:11;2023-09-14 07:04:14;2023-09-14 14:41:30;2023-09-14 14:43:58;2023-09-15 02:44:49;2023-09-15 02:46:29;2023-09-15 04:19:59;2023-09-15 04:30:20;;;2023-09-15 05:12:18;2023-09-15 09:15:35;2023-09-15 09:55:50;2023-09-15 10:03:07;2023-09-18 00:00:00;[[TO VERIFY TIRE ASPECT-Default, TO VERIFY LOW SPEED UNIFORMITY-Default], [TO VERIFY TIRE ASPECT-Default, TO VERIFY LOW SPEED UNIFORMITY-Default], [TO VERIFY TIRE ASPECT-Default, TO VERIFY LOW SPEED UNIFORMITY-Default], [TO VERIFY TIRE ASPECT-Default, TO VERIFY LOW SPEED UNIFORMITY-Default]];2023-09-22;0;0;5;0;3;3;0-5;
57;569780103;BKR;215/55 R17 94V TL PRIMACY 4 AO MI;569780.0;PY4_17O;M3_V2;OE;ETE;PRIMACY 4;17.0;C;2023-09-20 00:00:00;2023-09-18 02:00:00;2023-09-20 00:00:00;2023-09-18 02:00:00;2023-09-20 00:00:00;2023-09-22 00:00:00;;;;;;;;;2023-09-18 17:02:26;2023-09-20 00:52:42;2023-09-19 18:38:56;2023-09-19 18:41:24;2023-09-20 01:36:02;2023-09-20 01:37:23;2023-09-20 11:45:59;2023-09-20 11:56:20;;;2023-09-20 12:49:07;2023-09-20 15:08:46;2023-09-20 15:45:20;2023-09-20 15:51:26;2023-09-21 00:00:00;[[TO VERIFY TIRE ASPECT-Default, TO VERIFY LOW SPEED UNIFORMITY-Default], [TO VERIFY TIRE ASPECT-Default, TO VERIFY LOW SPEED UNIFORMITY-Default], [TO VERIFY TIRE ASPECT-Default, TO VERIFY LOW SPEED UNIFORMITY-Default], [TO VERIFY TIRE ASPECT-Default, TO VERIFY LOW SPEED UNIFORMITY-Default]];2023-09-22;0;2;2;0;1;1;0-5;
58;577033101;BKR;215/55 R16 93V TL CROSSCLIMATE 2 MI;577033.0;CROS2_16A;M3_V2;RT;ALS;CROSSCLIMATE 2;16.0;C;2023-08-31 00:00:00;2023-08-28 02:00:00;2023-08-31 00:00:00;2023-09-04 02:00:00;2023-09-04 02:00:00;2023-09-01 00:00:00;;;;;;;;;2023-09-03 06:56:33;2023-09-06 03:02:22;2023-09-06 02:18:18;2023-09-06 02:20:46;2023-09-06 04:52:08;2023-09-06 04:52:39;2023-09-06 07:09:40;2023-09-06 07:19:31;;;2023-09-06 08:28:02;2023-09-06 15:42:26;2023-09-08 08:42:08;2023-09-08 08:48:08;2023-09-14 00:00:00;[[TO VERIFY TIRE ASPECT-Default, TO VERIFY LOW SPEED UNIFORMITY-Default], [TO VERIFY TIRE ASPECT-Default, TO VERIFY LOW SPEED UNIFORMITY-Default], [TO VERIFY TIRE ASPECT-Default, TO VERIFY LOW SPEED UNIFORMITY-Default], [TO VERIFY TIRE ASPECT-Default, TO VERIFY LOW SPEED UNIFORMITY-Default]];2023-09-15;0;1;3;2;6;14;10-15;
59;577033101;BKR;215/55 R16 93V TL CROSSCLIMATE 2 MI;577033.0;CROS2_16A;M3_V2;RT;ALS;CROSSCLIMATE 2;16.0;C;2023-09-20 00:00:00;2023-09-18 02:00:00;2023-09-20 00:00:00;2023-09-28 02:00:00;2023-09-28 02:00:00;2023-09-22 00:00:00;;;;;;2023-10-05 00:00:00;;;2023-09-26 14:18:52;2023-09-27 16:13:23;2023-09-28 09:28:57;2023-09-28 09:31:25;2023-09-28 13:12:46;2023-09-28 13:13:17;2023-09-29 13:38:32;2023-09-29 13:48:23;2023-09-29 19:33:34;2023-09-29 19:33:34;2023-09-29 15:38:25;2023-09-29 19:21:50;2023-09-29 21:38:36;2023-09-29 21:45:07;2023-10-04 00:00:00;[[TO VERIFY TIRE ASPECT-Default, TO VERIFY LOW SPEED UNIFORMITY-Default, TO VERIFY METALIC COMPONENTS-Default], [TO VERIFY TIRE ASPECT-Default, TO VERIFY LOW SPEED UNIFORMITY-Default, TO VERIFY METALIC COMPONENTS-Default], [TO VERIFY TIRE ASPECT-Default, TO VERIFY LOW SPEED UNIFORMITY-Default, TO VERIFY METALIC COMPONENTS-Default], [TO VERIFY TIRE ASPECT-Default, TO VERIFY LOW SPEED UNIFORMITY-Default, TO VERIFY METALIC COMPONENTS-Default], [TO REPAIR WITHOUT ADDING RUBBER (R1)], [TO REPAIR WITHOUT ADDING RUBBER (R1)], [TO REPAIR WITHOUT ADDING RUBBER (R1)], [TO REPAIR WITHOUT ADDING RUBBER (R1)]];2023-10-06;0;2;3;0;5;14;10-15;SA
60;582558101;BKR;215/50 R17 91W TL CROSSCLIMATE 2 MI;582558.0;CROS2_17B;M5_MF5;RT;ALS;CROSSCLIMATE 2;17.0;P;2023-09-05 00:00:00;2023-09-25 02:00:00;2023-09-25 02:00:00;2023-09-30 02:00:00;2023-09-30 02:00:00;2023-09-29 00:00:00;;;;;;;;;2023-09-28 07:55:57;2023-10-01 11:47:05;2023-10-01 15:13:46;2023-10-01 15:16:14;2023-10-01 16:24:33;2023-10-01 16:34:06;2023-10-01 22:26:04;2023-10-01 22:35:55;;;2023-10-01 23:25:55;2023-10-02 01:02:45;2023-10-02 04:17:24;2023-10-02 04:24:08;2023-10-04 00:00:00;[[TO VERIFY LOW SPEED UNIFORMITY-Default, TO VERIFY TIRE ASPECT-Default], [TO VERIFY LOW SPEED UNIFORMITY-Default, TO VERIFY TIRE ASPECT-Default], [TO VERIFY LOW SPEED UNIFORMITY-Default, TO VERIFY TIRE ASPECT-Default], [TO VERIFY LOW SPEED UNIFORMITY-Default, TO VERIFY TIRE ASPECT-Default]];2023-10-06;20;4;3;1;2;29;25-30;
61;593109103;BKR;185/50 R16 81H TL PRIMACY 4 E MI;593109.0;PY4_16N;M2_U5;OE;ETE;PRIMACY 4;16.0;C;2023-09-15 00:00:00;2023-09-11 02:00:00;2023-09-15 00:00:00;2023-09-18 02:00:00;2023-09-18 02:00:00;2023-09-15 00:00:00;2023-09-20 00:00:00;;;;;;;;2023-09-19 08:35:40;2023-09-19 09:51:58;2023-09-19 22:14:18;2023-09-19 22:14:27;2023-09-20 20:11:04;2023-09-20 20:12:32;2023-09-21 14:33:38;2023-09-21 14:43:29;;;2023-09-21 15:41:19;2023-09-21 16:04:06;2023-09-21 16:25:16;2023-09-21 16:31:40;2023-09-25 00:00:00;[[TO VERIFY TIRE ASPECT-Default, TO VERIFY LOW SPEED UNIFORMITY-Default], [TO VERIFY TIRE ASPECT-Default, TO VERIFY LOW SPEED UNIFORMITY-Default], [TO VERIFY TIRE ASPECT-Default, TO VERIFY LOW SPEED UNIFORMITY-Default], [TO VERIFY TIRE ASPECT-Default, TO VERIFY LOW SPEED UNIFORMITY-Default]];2023-09-29;0;0;2;0;4;10;10-15;OK
62;612592101;BKR;205/55 R16 91H TL CROSSCLIMATE 2 MI;612592.0;CROS2_16B;M6_R4;RT;ALS;CROSSCLIMATE 2;16.0;C;2023-09-25 00:00:00;2023-09-25 02:00:00;2023-09-25 02:00:00;2023-09-25 02:00:00;2023-09-25 02:00:00;2023-09-29 00:00:00;;;;2023-10-05 00:00:00;;;;;2023-09-22 06:46:14;2023-09-24 02:11:46;2023-09-24 13:21:12;2023-09-24 13:23:55;2023-09-25 03:55:37;2023-09-25 03:56:52;2023-09-25 10:39:44;2023-09-25 10:49:44;2023-09-25 12:50:08;2023-09-25 12:50:08;2023-09-25 11:59:13;2023-09-25 12:43:09;2023-09-25 13:34:31;2023-09-25 13:42:05;2023-09-29 00:00:00;[[TO VERIFY TIRE ASPECT-Default, TO VERIFY LOW SPEED UNIFORMITY-Default, TO VERIFY TIRE ASPECT-Default], [TO VERIFY TIRE ASPECT-Default, TO VERIFY LOW SPEED UNIFORMITY-Default, TO VERIFY TIRE ASPECT-Default], [TO REPAIR WITHOUT ADDING RUBBER (R1)], [TO REPAIR WITHOUT ADDING RUBBER (R1)]];2023-09-29;0;4;3;0;4;4;0-5;CM
63;614479101;BKR;195/45 R16 84V XL TL CROSSCLIMATE 2 MI;614479.0;CROS2_16D;M2_U5;RT;ALS;CROSSCLIMATE 2;16.0;C;2023-09-25 00:00:00;2023-09-25 02:00:00;2023-09-25 02:00:00;2023-09-25 02:00:00;2023-09-25 02:00:00;2023-09-29 00:00:00;;;;;;2023-09-25 00:00:00;;;2023-09-26 03:41:58;2023-09-26 08:38:47;2023-09-26 21:25:18;2023-09-26 21:25:38;2023-09-27 04:37:00;2023-09-27 04:38:17;2023-09-28 03:57:15;2023-09-28 04:07:36;;;2023-09-28 05:06:29;2023-09-28 05:06:29;2023-09-28 06:27:46;2023-09-28 06:34:28;2023-10-02 00:00:00;[[TO VERIFY TIRE ASPECT-Default], [TO VERIFY TIRE ASPECT-Default], [TO VERIFY TIRE ASPECT-Default], [TO VERIFY TIRE ASPECT-Default]];2023-10-06;0;4;2;0;4;7;5-10;SA
64;616037102;BKR;245/45 ZR19 (102Y) XL TL PILOT SPORT 5 MI;616037.0;P7M 0123/0120;M1_R1;RT;ETE;PILOT SPORT 5;19.0;C;2023-08-29 00:00:00;2023-08-28 02:00:00;2023-08-29 00:00:00;2023-08-31 02:00:00;2023-08-31 02:00:00;2023-09-01 00:00:00;;;;2023-09-13 00:00:00;;;;;2023-09-18 10:44:40;2023-09-18 23:01:14;2023-09-19 07:40:42;2023-09-19 07:43:18;2023-09-19 10:51:16;2023-09-19 11:00:09;2023-09-20 10:28:48;2023-09-20 10:41:18;;;2023-09-20 11:21:04;2023-09-20 11:32:04;2023-09-20 13:31:10;2023-09-20 13:38:04;2023-09-26 00:00:00;[[TO VERIFY LOW SPEED UNIFORMITY-Default, TO VERIFY TIRE ASPECT-Default], [TO VERIFY LOW SPEED UNIFORMITY-Default, TO VERIFY TIRE ASPECT-Default], [TO VERIFY LOW SPEED UNIFORMITY-Default, TO VERIFY TIRE ASPECT-Default], [TO VERIFY LOW SPEED UNIFORMITY-Default, TO VERIFY TIRE ASPECT-Default]];2023-09-29;0;3;2;0;6;28;25-30;CM
65;616037102;BKR;245/45 ZR19 (102Y) XL TL PILOT SPORT 5 MI;616037.0;P7M 0123/0120;M1_R1;RT;ETE;PILOT SPORT 5;19.0;C;2023-09-25 00:00:00;2023-09-25 02:00:00;2023-09-25 02:00:00;2023-10-09 02:00:00;2023-10-09 02:00:00;2023-09-29 00:00:00;;;;2023-09-25 00:00:00;;;;;2023-09-21 08:21:42;2023-09-21 11:53:13;2023-09-24 08:44:24;2023-09-24 08:47:00;2023-09-24 12:02:26;2023-09-24 12:03:21;2023-09-25 01:06:28;2023-09-25 01:18:58;;;2023-09-25 01:54:49;2023-09-25 02:23:32;2023-09-25 05:28:43;2023-09-25 05:35:16;2023-09-26 00:00:00;[[TO VERIFY LOW SPEED UNIFORMITY-Default, TO VERIFY TIRE ASPECT-Default], [TO VERIFY LOW SPEED UNIFORMITY-Default, TO VERIFY TIRE ASPECT-Default], [TO VERIFY LOW SPEED UNIFORMITY-Default, TO VERIFY TIRE ASPECT-Default], [TO VERIFY LOW SPEED UNIFORMITY-Default, TO VERIFY TIRE ASPECT-Default]];2023-09-29;0;4;4;0;1;1;0-5;CM
66;616681103;BKR;175/65 R15 88H XL TL ENERGY SAVER * GRNX MI;616681.0;E415BZB;M2_U6;OE;ETE;ENERGY SAVER;15.0;C;2023-09-14 00:00:00;2023-09-11 02:00:00;2023-09-14 00:00:00;2023-09-22 02:00:00;2023-09-22 02:00:00;2023-09-15 00:00:00;;;;;;;;;2023-09-18 13:04:18;2023-09-21 09:30:15;2023-09-22 10:22:50;2023-09-22 10:22:58;2023-09-22 11:51:56;2023-09-22 11:53:08;2023-09-22 15:27:07;2023-09-22 15:37:28;;;2023-09-22 16:42:22;2023-09-22 18:23:20;2023-09-22 21:40:54;2023-09-22 21:53:58;2023-10-06 00:00:00;[[TO VERIFY LOW SPEED UNIFORMITY-Default, TO VERIFY TIRE ASPECT-Default], [TO VERIFY LOW SPEED UNIFORMITY-Default, TO VERIFY TIRE ASPECT-Default], [TO VERIFY LOW SPEED UNIFORMITY-Default, TO VERIFY TIRE ASPECT-Default], [TO VERIFY LOW SPEED UNIFORMITY-Default, TO VERIFY TIRE ASPECT-Default]];2023-10-06;0;1;4;0;14;22;20-25;
67;626309102;BKR;255/35 ZR19 (96Y) EXTRA LOAD TL PILOT SPORT 4 S MI;626309.0;PSP4S_19A;M1_R2;RT;ETE;PILOT SPORT 4 S;19.0;C;2023-09-25 00:00:00;2023-09-25 02:00:00;2023-09-25 02:00:00;2023-09-25 02:00:00;2023-09-25 02:00:00;2023-09-29 00:00:00;;;;;;;;;2023-09-18 22:59:30;2023-09-23 11:12:23;2023-09-24 08:05:57;2023-09-24 08:08:33;2023-09-24 11:53:01;2023-09-24 11:54:57;2023-09-25 23:57:29;2023-09-26 00:09:59;;;2023-09-26 01:21:28;2023-09-26 01:29:29;2023-09-26 07:09:39;2023-09-26 07:15:08;2023-09-29 00:00:00;[[TO VERIFY TIRE ASPECT-Default, TO VERIFY LOW SPEED UNIFORMITY-Default]];2023-09-29;0;4;8;0;3;4;0-5;
68;654054101;BKR;205/60 R16 96V XL TL CROSSCLIMATE 2 MI;654054.0;CROS2_16C;M3_V3;RT;ALS;CROSSCLIMATE 2;16.0;P;2023-09-05 00:00:00;2023-09-04 02:00:00;2023-09-05 00:00:00;2023-09-04 02:00:00;2023-09-05 00:00:00;2023-09-08 00:00:00;;;;;;;;;2023-09-04 14:22:10;2023-09-05 04:52:32;2023-09-06 04:21:02;2023-09-06 04:22:28;2023-09-06 15:21:59;2023-09-06 15:23:55;2023-09-06 23:43:21;2023-09-06 23:52:42;;;2023-09-07 00:57:57;2023-09-07 02:37:55;2023-09-07 13:46:12;2023-09-07 14:14:13;2023-09-11 00:00:00;[[TO VERIFY LOW SPEED UNIFORMITY-Default, TO VERIFY TIRE ASPECT-Default], [TO VERIFY LOW SPEED UNIFORMITY-Default, TO VERIFY TIRE ASPECT-Default], [TO VERIFY LOW SPEED UNIFORMITY-Default, TO VERIFY TIRE ASPECT-Default], [TO VERIFY LOW SPEED UNIFORMITY-Default, TO VERIFY TIRE ASPECT-Default]];2023-09-15;0;3;2;1;4;6;5-10;
69;654054101;BKR;205/60 R16 96V XL TL CROSSCLIMATE 2 MI;654054.0;CROS2_16C;M3_V3;RT;ALS;CROSSCLIMATE 2;16.0;P;2023-09-11 00:00:00;2023-09-11 02:00:00;2023-09-11 02:00:00;2023-09-11 02:00:00;2023-09-11 02:00:00;2023-09-15 00:00:00;;;;;;2023-10-05 00:00:00;;;2023-09-09 13:43:20;2023-09-10 09:01:22;2023-09-10 09:14:53;2023-09-10 09:15:10;2023-09-10 12:52:50;2023-09-10 12:54:37;2023-09-11 06:29:09;2023-09-11 06:38:30;;;2023-09-11 07:27:50;2023-09-11 08:39:17;2023-09-11 08:57:13;2023-09-11 09:04:28;2023-09-18 00:00:00;[[TO VERIFY TIRE ASPECT-Default, TO VERIFY LOW SPEED UNIFORMITY-Default]];2023-09-22;0;4;2;0;7;7;5-10;SA
70;654054101;BKR;205/60 R16 96V XL TL CROSSCLIMATE 2 MI;654054.0;CROS2_16C;M3_V3;RT;ALS;CROSSCLIMATE 2;16.0;P;2023-09-25 00:00:00;2023-09-25 02:00:00;2023-09-25 02:00:00;2023-09-25 02:00:00;2023-09-25 02:00:00;2023-09-29 00:00:00;;;;2023-10-10 00:00:00;;2023-10-05 00:00:00;;;2023-09-24 05:23:43;2023-09-25 00:08:21;2023-09-25 04:55:29;2023-09-25 04:55:37;2023-09-25 07:15:47;2023-09-25 07:17:03;2023-09-25 13:32:33;2023-09-25 13:41:54;;;2023-09-25 14:41:04;2023-09-25 14:41:04;2023-09-25 15:53:13;2023-09-25 16:06:48;2023-09-27 00:00:00;[[TO VERIFY TIRE ASPECT-Default]];2023-09-29;0;4;1;0;2;2;0-5;CM,SA
71;667631101;BKR;225/50 R17 98H XL TL ALPIN 6 MI;667631.0;AL617E;M3_V1;RT;HIV;ALPIN 6;17.0;C;2023-09-28 00:00:00;2023-09-25 02:00:00;2023-09-28 00:00:00;2023-09-25 02:00:00;2023-09-28 00:00:00;2023-09-29 00:00:00;;;;;;;2023-10-05 00:00:00;;2023-09-26 06:08:54;2023-09-27 00:43:48;2023-09-27 02:52:00;2023-09-27 02:54:28;2023-09-27 07:46:51;2023-09-27 07:48:41;2023-09-28 08:32:43;2023-09-28 08:42:34;;;2023-09-28 10:12:44;2023-09-28 10:12:44;2023-09-28 12:03:31;2023-09-28 12:09:35;2023-10-02 00:00:00;[[TO VERIFY TIRE ASPECT-Default], [TO VERIFY TIRE ASPECT-Default], [TO VERIFY TIRE ASPECT-Default], [TO VERIFY TIRE ASPECT-Default]];2023-10-06;0;1;2;0;4;4;0-5;MR
72;676065103;BKR;225/45 R17 91W TL PRIMACY 4 S2 MI;676065.0;PY4_S217B;M5_MF5;OE;ETE;PRIMACY 4;17.0;P;2023-09-21 00:00:00;2023-09-18 02:00:00;2023-09-21 00:00:00;2023-09-18 02:00:00;2023-09-21 00:00:00;2023-09-22 00:00:00;;;;;;;;;2023-09-19 01:09:17;2023-09-19 05:11:03;2023-09-20 01:03:03;2023-09-20 01:05:46;2023-09-20 22:52:54;2023-09-20 22:53:48;2023-09-21 10:49:43;2023-09-21 11:01:13;;;2023-09-21 11:30:17;2023-09-21 11:38:36;2023-09-21 15:44:45;2023-09-21 15:50:39;2023-09-26 00:00:00;[[TO VERIFY LOW SPEED UNIFORMITY-Default, TO VERIFY TIRE ASPECT-Default], [TO VERIFY LOW SPEED UNIFORMITY-Default, TO VERIFY TIRE ASPECT-Default], [TO VERIFY LOW SPEED UNIFORMITY-Default, TO VERIFY TIRE ASPECT-Default], [TO VERIFY LOW SPEED UNIFORMITY-Default, TO VERIFY TIRE ASPECT-Default]];2023-09-29;0;1;2;0;5;5;5-10;
73;708776103;BKR;175/65 R17 87H TL E PRIMACY MI;708776.0;TOY3081;M6_R6;OE;ETE;E PRIMACY;17.0;C;2023-09-20 00:00:00;2023-09-18 02:00:00;2023-09-20 00:00:00;2023-09-18 02:00:00;2023-09-20 00:00:00;2023-09-22 00:00:00;;;;2023-10-05 00:00:00;;;;;2023-09-18 08:48:13;2023-09-19 18:52:54;2023-09-20 06:26:33;2023-09-20 06:29:16;2023-09-20 13:09:57;2023-09-20 13:10:50;2023-09-20 23:04:34;2023-09-20 23:14:25;2023-09-21 01:49:21;2023-09-21 01:49:21;2023-09-21 00:04:09;2023-09-21 01:30:50;2023-09-21 07:06:50;2023-09-21 07:15:18;2023-09-25 00:00:00;[[TO VERIFY LOW SPEED UNIFORMITY-Default, TO VERIFY TIRE ASPECT-Default], [TO VERIFY LOW SPEED UNIFORMITY-Default, TO VERIFY TIRE ASPECT-Default], [TO VERIFY LOW SPEED UNIFORMITY-Default, TO VERIFY TIRE ASPECT-Default], [TO VERIFY LOW SPEED UNIFORMITY-Default, TO VERIFY TIRE ASPECT-Default], [TO REPAIR WITHOUT ADDING RUBBER (R1)], [TO REPAIR WITHOUT ADDING RUBBER (R1)], [TO REPAIR WITHOUT ADDING RUBBER (R1)], [TO REPAIR WITHOUT ADDING RUBBER (R1)]];2023-09-29;0;2;2;1;4;5;5-10;CM
74;716666101;BKR;275/40 ZR19 (105Y) XL TL PILOT SPORT 5 MI;716666.0;EXT 89872;M1_R2;RT;ETE;PILOT SPORT 5;19.0;C;2023-09-25 00:00:00;2023-09-25 02:00:00;2023-09-25 02:00:00;2023-09-25 02:00:00;2023-09-25 02:00:00;2023-09-29 00:00:00;2023-10-05 00:00:00;;;;;;;;2023-09-23 00:02:50;2023-09-23 09:20:56;2023-09-23 22:45:00;2023-09-23 22:47:36;2023-09-24 02:37:10;2023-09-24 02:39:01;2023-09-25 19:09:56;2023-09-25 19:23:26;;;2023-09-25 20:27:19;2023-09-25 20:32:48;2023-09-25 21:30:42;2023-09-25 21:57:53;2023-09-29 00:00:00;[[TO VERIFY LOW SPEED UNIFORMITY-Default, TO VERIFY TIRE ASPECT-Default]];2023-09-29;0;4;2;0;4;4;0-5;OK
75;722340108;BKR;225/55 R18 102V EXTRA LOAD TL PILOT ALPIN 5 AO MI;722340.0;PILA5_18C;M5_W2;OE;HIV;PILOT ALPIN 5;18.0;C;2023-09-19 00:00:00;2023-09-18 02:00:00;2023-09-19 00:00:00;2023-09-21 02:00:00;2023-09-21 02:00:00;2023-09-22 00:00:00;2023-09-20 00:00:00;;;;;;;;2023-09-20 20:00:14;2023-09-21 10:47:39;2023-09-22 01:50:57;2023-09-22 01:53:25;2023-09-22 03:13:13;2023-09-22 03:14:22;2023-09-22 12:01:14;2023-09-22 12:10:35;2023-09-22 15:25:33;2023-09-22 15:25:33;2023-09-22 13:34:08;2023-09-22 15:25:33;2023-09-23 01:36:29;2023-09-23 01:42:12;2023-09-25 00:00:00;[[TO VERIFY TIRE ASPECT-Default, TO VERIFY LOW SPEED UNIFORMITY-Default, TO VERIFY TIRE ASPECT-Default], [TO VERIFY TIRE ASPECT-Default, TO VERIFY LOW SPEED UNIFORMITY-Default, TO VERIFY TIRE ASPECT-Default], [TO VERIFY TIRE ASPECT-Default, TO VERIFY LOW SPEED UNIFORMITY-Default, TO VERIFY TIRE ASPECT-Default], [TO VERIFY TIRE ASPECT-Default, TO VERIFY LOW SPEED UNIFORMITY-Default, TO VERIFY TIRE ASPECT-Default], [TO REPAIR WITHOUT ADDING RUBBER (R1)], [TO REPAIR WITHOUT ADDING RUBBER (R1)], [TO REPAIR WITHOUT ADDING RUBBER (R1)], [TO REPAIR WITHOUT ADDING RUBBER (R1)]];2023-09-29;0;3;2;1;2;6;5-10;OK
76;730782101;BKR;205/55 R16 94H XL TL ALPIN 6 MI;730782.0;AL616A;M3_V2;RT;HIV;ALPIN 6;16.0;C;2023-09-06 00:00:00;2023-09-04 02:00:00;2023-09-06 00:00:00;2023-09-04 02:00:00;2023-09-06 00:00:00;2023-09-08 00:00:00;;;;;;;;;2023-09-05 03:59:54;2023-09-05 04:15:36;2023-09-04 11:06:23;2023-09-04 11:08:51;2023-09-05 06:01:00;2023-09-05 06:02:47;2023-09-06 10:35:17;2023-09-06 10:45:08;;;2023-09-06 12:10:42;2023-09-06 16:58:41;2023-09-06 13:21:14;2023-09-06 13:29:45;2023-09-27 00:00:00;[[TO COUNTER VERIFY THE TIRE-Default, TO VERIFY TIRE ASPECT-Default], [TO COUNTER VERIFY THE TIRE-Default, TO VERIFY TIRE ASPECT-Default], [TO COUNTER VERIFY THE TIRE-Default, TO VERIFY TIRE ASPECT-Default], [TO COUNTER VERIFY THE TIRE-Default, TO VERIFY TIRE ASPECT-Default]];2023-09-29;0;2;1;0;21;21;20-25;
77;730782101;BKR;205/55 R16 94H XL TL ALPIN 6 MI;730782.0;AL616A;M3_V2;RT;HIV;ALPIN 6;16.0;C;2023-09-14 00:00:00;2023-09-11 02:00:00;2023-09-14 00:00:00;2023-09-27 02:00:00;2023-09-27 02:00:00;2023-09-15 00:00:00;;;;;;;;;2023-09-26 08:26:30;2023-09-26 22:17:59;2023-09-27 10:01:38;2023-09-27 10:04:06;2023-09-27 17:16:01;2023-09-27 17:17:51;2023-09-29 04:47:09;2023-09-29 04:57:00;2023-09-29 14:30:46;2023-09-29 14:30:46;2023-09-29 07:17:37;2023-09-29 14:30:46;2023-09-29 16:05:58;2023-09-29 16:12:58;2023-10-02 00:00:00;[[TO VERIFY LOW SPEED UNIFORMITY-Default, TO VERIFY TIRE ASPECT-Default, TO VERIFY METALIC COMPONENTS-Default, TO VERIFY TIRE ASPECT-Default, TO VERIFY TIRE ASPECT-Default], [TO VERIFY LOW SPEED UNIFORMITY-Default, TO VERIFY TIRE ASPECT-Default, TO VERIFY METALIC COMPONENTS-Default, TO VERIFY TIRE ASPECT-Default, TO VERIFY TIRE ASPECT-Default], [TO VERIFY LOW SPEED UNIFORMITY-Default, TO VERIFY TIRE ASPECT-Default, TO VERIFY METALIC COMPONENTS-Default, TO VERIFY TIRE ASPECT-Default, TO VERIFY TIRE ASPECT-Default], [TO VERIFY LOW SPEED UNIFORMITY-Default, TO VERIFY TIRE ASPECT-Default, TO VERIFY METALIC COMPONENTS-Default, TO VERIFY TIRE ASPECT-Default, TO VERIFY TIRE ASPECT-Default], [TO REPAIR WITHOUT ADDING RUBBER (R1)], [TO REPAIR WITHOUT ADDING RUBBER (R1)], [TO REPAIR WITHOUT ADDING RUBBER (R1)], [TO REPAIR WITHOUT ADDING RUBBER (R1)]];2023-10-06;0;1;3;0;3;18;15-20;
78;749401101;BKR;225/50 R17 94H TL ALPIN 6 MI;749401.0;AL617E;M3_V1;RT;HIV;ALPIN 6;17.0;C;2023-09-15 00:00:00;2023-09-11 02:00:00;2023-09-15 00:00:00;2023-09-13 02:00:00;2023-09-15 00:00:00;2023-09-15 00:00:00;;;;;;2023-09-20 00:00:00;;;2023-09-10 03:08:49;2023-09-13 04:54:13;2023-09-15 00:57:20;2023-09-15 00:59:48;2023-09-15 11:07:59;2023-09-15 11:09:47;2023-09-15 14:46:27;2023-09-15 14:56:18;;;2023-09-15 15:44:41;2023-09-15 20:27:22;2023-09-15 20:55:04;2023-09-15 21:02:04;2023-09-18 00:00:00;[[TO VERIFY TIRE ASPECT-Default, TO VERIFY LOW SPEED UNIFORMITY-Default], [TO VERIFY TIRE ASPECT-Default, TO VERIFY LOW SPEED UNIFORMITY-Default], [TO VERIFY TIRE ASPECT-Default, TO VERIFY LOW SPEED UNIFORMITY-Default], [TO VERIFY TIRE ASPECT-Default, TO VERIFY LOW SPEED UNIFORMITY-Default]];2023-09-22;0;0;5;0;3;3;0-5;SA
79;750163101;BKR;205/60 R16 92H TL CROSSCLIMATE 2 MI;750163.0;CROS2_16C;M3_V3;RT;ALS;CROSSCLIMATE 2;16.0;P;2023-09-25 00:00:00;2023-09-25 02:00:00;2023-09-25 02:00:00;2023-09-25 02:00:00;2023-09-25 02:00:00;2023-09-29 00:00:00;;;;2023-10-10 00:00:00;;;;;2023-09-23 23:39:11;2023-09-24 03:47:44;2023-09-24 19:19:29;2023-09-24 19:19:37;2023-09-25 00:21:22;2023-09-25 00:22:46;2023-09-25 05:37:24;2023-09-25 05:46:45;;;2023-09-25 06:52:48;2023-09-25 10:49:19;2023-09-25 12:06:10;2023-09-25 12:13:07;2023-09-26 00:00:00;[[TO VERIFY TIRE ASPECT-Default, TO VERIFY LOW SPEED UNIFORMITY-Default], [TO VERIFY TIRE ASPECT-Default], [TO VERIFY TIRE ASPECT-Default, TO VERIFY LOW SPEED UNIFORMITY-Default], [TO VERIFY TIRE ASPECT-Default]];2023-09-29;0;4;2;0;1;1;0-5;CM
80;768534101;BKR;195/55 R16 87H TL PRIMACY 4 S3 MI;768534.0;PY4_16Q;M2_U7;RT;ETE;PRIMACY 4;16.0;P;2023-09-28 00:00:00;2023-09-25 02:00:00;2023-09-28 00:00:00;2023-09-25 02:00:00;2023-09-28 00:00:00;2023-09-29 00:00:00;2023-10-05 00:00:00;;;;;;;;2023-09-27 22:33:13;2023-09-29 15:21:20;2023-09-29 19:37:08;2023-09-29 19:37:16;2023-09-30 03:58:35;2023-09-30 03:59:34;2023-09-30 19:18:38;2023-09-30 19:28:29;;;2023-09-30 20:44:53;2023-09-30 22:12:27;2023-10-01 10:39:17;2023-10-01 10:53:10;2023-10-06 00:00:00;[[TO VERIFY LOW SPEED UNIFORMITY-Default, TO VERIFY TIRE ASPECT-Default], [TO VERIFY LOW SPEED UNIFORMITY-Default, TO VERIFY TIRE ASPECT-Default], [TO VERIFY LOW SPEED UNIFORMITY-Default, TO VERIFY TIRE ASPECT-Default], [TO VERIFY LOW SPEED UNIFORMITY-Default, TO VERIFY TIRE ASPECT-Default]];2023-10-06;0;1;3;1;5;8;5-10;OK
81;768534103;BKR;195/55 R16 87H TL PRIMACY 4 S3 MI;768534.0;PY4_16Q;M3_V3;OE;ETE;PRIMACY 4;16.0;P;2023-09-05 00:00:00;2023-09-04 02:00:00;2023-09-05 00:00:00;2023-09-04 02:00:00;2023-09-05 00:00:00;2023-09-08 00:00:00;;;;;;;;;2023-09-08 13:15:15;2023-09-09 11:55:50;2023-09-09 20:11:37;2023-09-09 20:11:45;2023-09-10 14:52:13;2023-09-10 14:53:10;2023-09-11 06:20:11;2023-09-11 06:30:02;;;2023-09-11 07:19:57;2023-09-11 16:02:39;2023-09-11 16:27:39;2023-09-11 16:35:20;2023-09-12 00:00:00;[[TO VERIFY TIRE ASPECT-Default, TO VERIFY LOW SPEED UNIFORMITY-Default]];2023-09-15;0;3;3;0;1;7;5-10;
82;814956101;BKR;185/55 R15 86H XL TL CROSSCLIMATE+ MI;814956.0;CROS+15D;M2_U6;RT;ALS;CROSSCLIMATE+;15.0;C;2023-09-18 00:00:00;2023-09-18 02:00:00;2023-09-18 02:00:00;2023-09-18 02:00:00;2023-09-18 02:00:00;2023-09-22 00:00:00;;;;;;2023-09-20 00:00:00;;;2023-09-15 03:10:43;2023-09-17 04:59:20;2023-09-17 19:27:38;2023-09-17 19:27:45;2023-09-17 22:47:09;2023-09-17 22:48:01;2023-09-18 03:24:29;2023-09-18 03:34:20;;;2023-09-18 04:47:03;2023-09-18 04:47:03;2023-09-18 06:09:03;2023-09-18 06:16:36;2023-09-20 00:00:00;[[TO VERIFY TIRE ASPECT-Default], [TO VERIFY TIRE ASPECT-Default], [TO VERIFY TIRE ASPECT-Default], [TO VERIFY TIRE ASPECT-Default]];2023-09-22;0;4;3;0;2;2;0-5;SA
83;837642103;BKR;205/45 R16 83H TL PRIMACY 4 E MI;837642.0;PY4_16O;M2_U5;OE;ETE;PRIMACY 4;16.0;C;2023-09-11 00:00:00;2023-09-11 02:00:00;2023-09-11 02:00:00;2023-09-11 02:00:00;2023-09-11 02:00:00;2023-09-15 00:00:00;;;2023-09-20 00:00:00;;;;;;2023-09-13 10:39:04;2023-09-14 13:14:36;2023-09-15 13:36:04;2023-09-15 13:36:18;2023-09-15 14:06:39;2023-09-15 14:08:42;2023-09-15 15:40:58;2023-09-15 15:50:49;;;2023-09-15 17:11:00;2023-09-15 22:07:33;2023-09-15 22:36:36;2023-09-15 22:44:46;2023-09-18 00:00:00;[[TO VERIFY TIRE ASPECT-Default, TO VERIFY LOW SPEED UNIFORMITY-Default], [TO VERIFY TIRE ASPECT-Default, TO VERIFY LOW SPEED UNIFORMITY-Default], [TO VERIFY TIRE ASPECT-Default, TO VERIFY LOW SPEED UNIFORMITY-Default], [TO VERIFY TIRE ASPECT-Default, TO VERIFY LOW SPEED UNIFORMITY-Default]];2023-09-22;0;4;2;0;3;7;5-10;QA
84;837642107;BKR;205/45 R16 83H TL PRIMACY 4 E MI;837642.0;PY4_16O;M2_U5;OE;ETE;PRIMACY 4;16.0;C;2023-09-05 00:00:00;2023-09-04 02:00:00;2023-09-05 00:00:00;2023-09-11 02:00:00;2023-09-11 02:00:00;2023-09-08 00:00:00;;;2023-09-20 00:00:00;;;;;;2023-09-08 12:50:49;2023-09-10 04:15:28;2023-09-11 11:48:50;2023-09-11 11:49:26;2023-09-11 15:49:54;2023-09-11 15:51:17;2023-09-11 21:33:14;2023-09-11 21:43:05;;;2023-09-11 22:51:50;2023-09-12 09:01:16;2023-09-12 09:44:04;2023-09-12 09:52:15;2023-09-14 00:00:00;[[TO VERIFY TIRE ASPECT-Default, TO VERIFY TIRE ASPECT-Default, TO VERIFY TIRE ASPECT-Default, TO VERIFY LOW SPEED UNIFORMITY-Default]];2023-09-15;0;3;3;1;2;9;5-10;QA
85;837642107;BKR;205/45 R16 83H TL PRIMACY 4 E MI;837642.0;PY4_16O;M2_U5;OE;ETE;PRIMACY 4;16.0;C;2023-09-18 00:00:00;2023-09-18 02:00:00;2023-09-18 02:00:00;2023-09-18 02:00:00;2023-09-18 02:00:00;2023-09-22 00:00:00;;;2023-09-20 00:00:00;;;;;;2023-09-13 12:24:36;2023-09-15 15:11:58;2023-09-16 17:43:11;2023-09-16 17:43:19;2023-09-16 22:01:32;2023-09-16 22:03:02;2023-09-18 03:15:53;2023-09-18 03:25:44;;;2023-09-18 04:37:13;2023-09-18 05:50:16;2023-09-18 07:34:06;2023-09-18 07:45:59;2023-09-21 00:00:00;[[TO VERIFY TIRE ASPECT-Default, TO VERIFY LOW SPEED UNIFORMITY-Default], [TO VERIFY TIRE ASPECT-Default, TO VERIFY LOW SPEED UNIFORMITY-Default], [TO VERIFY TIRE ASPECT-Default, TO VERIFY LOW SPEED UNIFORMITY-Default], [TO VERIFY TIRE ASPECT-Default, TO VERIFY LOW SPEED UNIFORMITY-Default]];2023-09-22;0;4;5;0;3;3;0-5;QA
86;840344103;BKR;235/40 ZR18 (95Y) XL TL PILOT SPORT 4 MO1 MI;840344.0;PSP418CB;M5_W2;RT;ETE;PILOT SPORT 4;18.0;C;2023-08-28 00:00:00;2023-08-28 02:00:00;2023-08-28 02:00:00;2023-08-28 02:00:00;2023-08-28 02:00:00;2023-09-01 00:00:00;;;;;;;;;2023-09-18 20:04:46;2023-09-19 02:39:41;2023-09-19 21:25:55;2023-09-19 21:28:23;2023-09-19 23:07:52;2023-09-19 23:08:52;2023-09-21 02:54:26;2023-09-21 03:05:47;;;2023-09-21 03:56:37;2023-09-21 04:40:01;2023-09-21 05:10:26;2023-09-21 05:18:10;2023-09-26 00:00:00;[[TO VERIFY TIRE ASPECT-Default, TO VERIFY LOW SPEED UNIFORMITY-Default], [TO VERIFY TIRE ASPECT-Default, TO VERIFY LOW SPEED UNIFORMITY-Default], [TO VERIFY TIRE ASPECT-Default, TO VERIFY LOW SPEED UNIFORMITY-Default], [TO VERIFY TIRE ASPECT-Default, TO VERIFY LOW SPEED UNIFORMITY-Default]];2023-09-29;0;4;3;0;5;29;25-30;
87;843165101;BKR;235/50R19 103V XL TL CROSSCLIMATE 2 VOL MI;843165.0;CROS2_19B;M1_R2;RT;ALS;CROSSCLIMATE 2;19.0;C;2023-09-20 00:00:00;2023-09-18 02:00:00;2023-09-20 00:00:00;2023-09-18 02:00:00;2023-09-20 00:00:00;2023-09-22 00:00:00;;;;;;;;2023-10-05 00:00:00;2023-09-19 05:50:33;2023-09-19 19:43:41;2023-09-20 00:12:59;2023-09-20 00:15:35;2023-09-20 03:14:08;2023-09-20 03:15:11;2023-09-23 02:43:33;2023-09-23 02:54:33;;;2023-09-23 03:27:28;2023-09-23 03:56:11;2023-09-23 14:57:01;2023-09-23 15:01:48;2023-10-02 00:00:00;[[TO VERIFY TIRE ASPECT-Default, TO VERIFY LOW SPEED UNIFORMITY-Default], [TO VERIFY TIRE ASPECT-Default, TO VERIFY LOW SPEED UNIFORMITY-Default], [TO VERIFY TIRE ASPECT-Default, TO VERIFY LOW SPEED UNIFORMITY-Default], [TO VERIFY TIRE ASPECT-Default, TO VERIFY LOW SPEED UNIFORMITY-Default]];2023-10-06;0;2;4;0;9;12;10-15;TR
88;859482106;BKR;235/55R19 105W XL TL E PRIMACY MO MI;859482.0;MER01641;M1_R1;OE;ETE;E PRIMACY;19.0;P;2023-09-14 00:00:00;2023-09-11 02:00:00;2023-09-14 00:00:00;2023-09-11 02:00:00;2023-09-14 00:00:00;2023-09-15 00:00:00;;;;;;;;;2023-09-17 05:26:30;2023-09-17 20:52:06;2023-09-17 21:23:58;2023-09-17 21:26:34;2023-09-18 01:06:50;2023-09-18 01:07:43;2023-09-18 19:52:24;2023-09-18 20:02:54;2023-09-22 14:55:56;2023-09-22 14:55:56;2023-09-18 20:41:27;2023-09-18 20:47:26;2023-09-22 15:46:59;2023-09-22 16:13:28;2023-10-02 00:00:00;[[TO VERIFY LOW SPEED UNIFORMITY-Default, TO VERIFY TIRE ASPECT-Default], [TO REPAIR WITHOUT ADDING RUBBER (R1)]];2023-10-06;0;1;1;4;10;18;15-20;
89;868110101;BKR;215/55 R17 98V XL TL ALPIN 6 MI;868110.0;AL617C;M6_R6;RT;HIV;ALPIN 6;17.0;C;2023-09-12 00:00:00;2023-09-11 02:00:00;2023-09-12 00:00:00;2023-09-13 02:00:00;2023-09-13 02:00:00;2023-09-15 00:00:00;;;2023-09-20 00:00:00;;;2023-09-13 00:00:00;;;2023-09-11 06:39:29;2023-09-11 20:24:31;2023-09-13 06:58:07;2023-09-13 07:00:50;2023-09-13 07:15:40;2023-09-13 07:37:38;2023-09-13 18:20:50;2023-09-13 18:30:41;;;2023-09-13 19:55:30;2023-09-14 08:10:59;2023-09-14 12:50:39;2023-09-14 12:56:37;2023-09-18 00:00:00;[[TO VERIFY TIRE ASPECT-Default, TO VERIFY METALIC COMPONENTS-Default, TO VERIFY LOW SPEED UNIFORMITY-Default], [TO VERIFY TIRE ASPECT-Default, TO VERIFY METALIC COMPONENTS-Default, TO VERIFY LOW SPEED UNIFORMITY-Default], [TO VERIFY TIRE ASPECT-Default, TO VERIFY METALIC COMPONENTS-Default, TO VERIFY LOW SPEED UNIFORMITY-Default], [TO VERIFY TIRE ASPECT-Default, TO VERIFY METALIC COMPONENTS-Default, TO VERIFY LOW SPEED UNIFORMITY-Default]];2023-09-22;0;3;2;1;4;6;5-10;QA,SA
90;907776106;BKR;225/50 R17 98V XL TL PRIMACY 4 VOL MI;907776.0;PY4_17F;M3_V1;RT;ETE;PRIMACY 4;17.0;C;2023-09-12 00:00:00;2023-09-11 02:00:00;2023-09-12 00:00:00;2023-09-11 02:00:00;2023-09-12 00:00:00;2023-09-15 00:00:00;;;;;;2023-09-13 00:00:00;;;2023-09-08 14:37:51;2023-09-10 20:40:37;2023-09-11 21:31:41;2023-09-11 21:34:24;2023-09-12 19:12:37;2023-09-12 19:25:49;2023-09-12 21:34:00;2023-09-12 21:44:21;2023-09-13 19:45:23;2023-09-13 19:45:23;2023-09-12 22:48:03;2023-09-14 03:21:21;2023-09-16 03:49:02;2023-09-16 03:56:53;2023-09-20 00:00:00;[[TO VERIFY TIRE ASPECT-Default, TO VERIFY LOW SPEED UNIFORMITY-Default], [TO VERIFY TIRE ASPECT-Default, TO VERIFY LOW SPEED UNIFORMITY-Default], [TO VERIFY TIRE ASPECT-Default, TO VERIFY LOW SPEED UNIFORMITY-Default], [TO VERIFY TIRE ASPECT-Default, TO VERIFY LOW SPEED UNIFORMITY-Default], [TO REPAIR WITHOUT ADDING RUBBER (R1)], [TO REPAIR WITHOUT ADDING RUBBER (R1)], [TO REPAIR WITHOUT ADDING RUBBER (R1)], [TO REPAIR WITHOUT ADDING RUBBER (R1)]];2023-09-22;0;3;4;4;4;8;5-10;SA
91;920789102;BKR;205/55 R16 91H TL PRIMACY 4 S2 MI;920789.0;PY4_16H;M2_U6;RT;ETE;PRIMACY 4;16.0;P;2023-09-11 00:00:00;2023-09-11 02:00:00;2023-09-11 02:00:00;2023-09-11 02:00:00;2023-09-11 02:00:00;2023-09-15 00:00:00;;;;;;;;;2023-09-09 16:44:44;2023-09-09 17:24:09;2023-09-10 20:52:10;2023-09-10 20:52:25;2023-09-11 08:34:27;2023-09-11 08:37:59;2023-09-12 01:26:13;2023-09-12 01:36:34;;;2023-09-12 02:45:21;2023-09-12 05:07:40;2023-09-19 19:38:20;2023-09-19 19:44:51;2023-09-21 00:00:00;[[TO VERIFY TIRE ASPECT-Default, TO VERIFY LOW SPEED UNIFORMITY-Default]];2023-09-22;0;4;3;7;2;10;10-15;
92;920789116;BKR;205/55 R16 91H TL PRIMACY 4 S2 MI;920789.0;PY4_16H;M2_U6;OE;ETE;PRIMACY 4;16.0;P;2023-09-25 00:00:00;2023-09-25 02:00:00;2023-09-25 02:00:00;2023-09-28 02:00:00;2023-09-28 02:00:00;2023-09-29 00:00:00;;;;;;;;;2023-09-26 20:43:14;2023-09-27 15:44:54;2023-09-28 08:44:53;2023-09-28 08:47:36;2023-09-28 09:56:09;2023-09-28 09:57:03;2023-09-28 21:25:42;2023-09-28 21:36:03;;;2023-09-28 22:37:58;2023-09-29 08:40:29;2023-09-29 09:01:26;2023-09-29 09:14:46;2023-10-02 00:00:00;[[TO VERIFY TIRE ASPECT-Default, TO VERIFY LOW SPEED UNIFORMITY-Default], [TO VERIFY TIRE ASPECT-Default, TO VERIFY LOW SPEED UNIFORMITY-Default], [TO VERIFY TIRE ASPECT-Default, TO VERIFY LOW SPEED UNIFORMITY-Default], [TO VERIFY TIRE ASPECT-Default, TO VERIFY LOW SPEED UNIFORMITY-Default]];2023-10-06;0;4;2;1;3;7;5-10;
93;935882101;BKR;225/45 R18 95W XL TL PILOT SPORT 4 MO MI;935882.0;PSP418O;M5_W2;RT;ETE;PILOT SPORT 4;18.0;C;2023-09-11 00:00:00;2023-09-11 02:00:00;2023-09-11 02:00:00;2023-09-11 02:00:00;2023-09-11 02:00:00;2023-09-15 00:00:00;;;;;2023-09-13 00:00:00;;;;2023-09-07 10:14:58;2023-09-14 14:54:37;2023-09-11 12:54:42;2023-09-11 12:57:10;2023-09-14 18:07:55;2023-09-14 18:09:15;2023-09-15 00:18:16;2023-09-15 00:29:37;2023-09-15 04:43:32;2023-09-15 04:43:32;2023-09-15 02:42:57;2023-09-15 04:43:32;2023-09-17 22:53:28;2023-09-17 22:55:58;2023-09-18 00:00:00;[[TO VERIFY TIRE ASPECT-Default, TO VERIFY LOW SPEED UNIFORMITY-Default, TO VERIFY TIRE ASPECT-Default], [TO VERIFY TIRE ASPECT-Default, TO VERIFY LOW SPEED UNIFORMITY-Default, TO VERIFY TIRE ASPECT-Default], [TO VERIFY TIRE ASPECT-Default, TO VERIFY LOW SPEED UNIFORMITY-Default, TO VERIFY TIRE ASPECT-Default], [TO VERIFY TIRE ASPECT-Default, TO VERIFY LOW SPEED UNIFORMITY-Default, TO VERIFY TIRE ASPECT-Default], [TO REPAIR WITHOUT ADDING RUBBER (R1)], [TO REPAIR WITHOUT ADDING RUBBER (R1)], [TO REPAIR WITHOUT ADDING RUBBER (R1)], [TO REPAIR WITHOUT ADDING RUBBER (R1)]];2023-09-22;0;4;8;2;1;7;5-10;CE
94;997232103;BKR;245/45R19 102H XL TL PRIMACY ALL SEASON * MI;997232.0;BMW10259;M1_R1;OE;ALS;PRIMACY ALL SEASON;19.0;C;2023-08-30 00:00:00;2023-08-28 02:00:00;2023-08-30 00:00:00;2023-08-28 02:00:00;2023-08-30 00:00:00;2023-09-01 00:00:00;;;;;;;;;2023-09-03 17:23:04;2023-09-03 17:40:09;2023-09-05 02:45:56;2023-09-05 02:48:32;2023-09-05 12:57:42;2023-09-05 12:58:34;2023-09-06 03:06:31;2023-09-06 03:19:01;;;;;2023-09-06 06:31:26;2023-09-06 06:36:40;2023-09-11 00:00:00;[];2023-09-15;0;2;3;0;5;12;10-15;
95;997232103;BKR;245/45R19 102H XL TL PRIMACY ALL SEASON * MI;997232.0;BMW10259;M1_R1;OE;ALS;PRIMACY ALL SEASON;19.0;C;2023-09-20 00:00:00;2023-09-18 02:00:00;2023-09-20 00:00:00;2023-09-18 02:00:00;2023-09-20 00:00:00;2023-09-22 00:00:00;;;;;;;;;2023-09-28 18:45:45;2023-09-28 18:46:49;2023-09-29 03:04:49;2023-09-29 03:07:25;2023-09-29 05:22:29;2023-09-29 05:23:24;2023-09-30 20:18:09;2023-09-30 20:30:39;;;2023-09-30 21:17:39;2023-09-30 21:23:44;2023-10-01 05:12:09;2023-10-01 05:17:22;2023-10-09 00:00:00;[[TO VERIFY LOW SPEED UNIFORMITY-Default, TO VERIFY TIRE ASPECT-Default], [TO VERIFY LOW SPEED UNIFORMITY-Default, TO VERIFY TIRE ASPECT-Default], [TO VERIFY LOW SPEED UNIFORMITY-Default, TO VERIFY TIRE ASPECT-Default], [TO VERIFY LOW SPEED UNIFORMITY-Default, TO VERIFY TIRE ASPECT-Default]];2023-10-13;0;2;2;1;8;19;15-20;
